,Fecha,Valor_oficial,Valor_blue,Brecha,Brecha %,Periodo,AÃ±o,Fecha_numerico,Fecha_Numerico
1477,2018-08-30 00:00:00,39.61,40.0,0.39000000000000057,0.985,201808,2018,736936,736936
1478,2018-08-31 00:00:00,37.13,37.5,0.36999999999999744,0.996,201808,2018,736937,736937
1479,2018-09-03 00:00:00,38.03,38.0,-0.030000000000001137,-0.079,201809,2018,736940,736940
1480,2018-09-04 00:00:00,39.23,38.5,-0.7299999999999969,-1.861,201809,2018,736941,736941
1481,2018-09-05 00:00:00,38.81,38.5,-0.3100000000000023,-0.799,201809,2018,736942,736942
1482,2018-09-06 00:00:00,37.69,36.75,-0.9399999999999977,-2.494,201809,2018,736943,736943
1483,2018-09-07 00:00:00,36.99,36.5,-0.490000000000002,-1.325,201809,2018,736944,736944
1484,2018-09-10 00:00:00,37.39,37.25,-0.14000000000000057,-0.374,201809,2018,736947,736947
1485,2018-09-11 00:00:00,37.92,38.5,0.5799999999999983,1.53,201809,2018,736948,736948
1486,2018-09-12 00:00:00,37.87,38.0,0.13000000000000256,0.343,201809,2018,736949,736949
1487,2018-09-13 00:00:00,38.71,38.75,0.03999999999999915,0.103,201809,2018,736950,736950
1488,2018-09-14 00:00:00,39.71,39.0,-0.7100000000000009,-1.788,201809,2018,736951,736951
1489,2018-09-17 00:00:00,39.58,40.0,0.4200000000000017,1.061,201809,2018,736954,736954
1490,2018-09-18 00:00:00,39.73,39.75,0.020000000000003126,0.05,201809,2018,736955,736955
1491,2018-09-19 00:00:00,39.46,39.0,-0.46000000000000085,-1.166,201809,2018,736956,736956
1492,2018-09-20 00:00:00,38.31,38.75,0.4399999999999977,1.149,201809,2018,736957,736957
1493,2018-09-21 00:00:00,37.58,38.25,0.6700000000000017,1.783,201809,2018,736958,736958
1494,2018-09-24 00:00:00,37.3,38.25,0.9500000000000028,2.547,201809,2018,736961,736961
1495,2018-09-25 00:00:00,38.4,38.25,-0.14999999999999858,-0.391,201809,2018,736962,736962
1496,2018-09-26 00:00:00,38.69,38.25,-0.4399999999999977,-1.137,201809,2018,736963,736963
1497,2018-09-27 00:00:00,39.51,38.5,-1.009999999999998,-2.556,201809,2018,736964,736964
1498,2018-09-28 00:00:00,40.9,39.75,-1.1499999999999986,-2.812,201809,2018,736965,736965
1499,2018-10-01 00:00:00,40.34,38.5,-1.8400000000000034,-4.561,201810,2018,736968,736968
1500,2018-10-02 00:00:00,38.16,38.5,0.3400000000000034,0.891,201810,2018,736969,736969
1501,2018-10-03 00:00:00,37.61,38.5,0.8900000000000006,2.366,201810,2018,736970,736970
1502,2018-10-04 00:00:00,38.52,38.0,-0.5200000000000031,-1.35,201810,2018,736971,736971
1503,2018-10-05 00:00:00,38.02,38.0,-0.020000000000003126,-0.053,201810,2018,736972,736972
1504,2018-10-08 00:00:00,37.55,37.75,0.20000000000000284,0.533,201810,2018,736975,736975
1505,2018-10-09 00:00:00,37.25,37.5,0.25,0.671,201810,2018,736976,736976
1506,2018-10-10 00:00:00,37.29,37.5,0.21000000000000085,0.563,201810,2018,736977,736977
1507,2018-10-11 00:00:00,36.92,37.5,0.5799999999999983,1.571,201810,2018,736978,736978
1508,2018-10-12 00:00:00,36.24,37.75,1.509999999999998,4.167,201810,2018,736979,736979
1509,2018-10-16 00:00:00,36.36,37.0,0.6400000000000006,1.76,201810,2018,736983,736983
1510,2018-10-17 00:00:00,36.3,37.0,0.7000000000000028,1.928,201810,2018,736984,736984
1511,2018-10-18 00:00:00,36.41,37.25,0.8400000000000034,2.307,201810,2018,736985,736985
1512,2018-10-19 00:00:00,36.55,37.0,0.45000000000000284,1.231,201810,2018,736986,736986
1513,2018-10-22 00:00:00,36.42,36.5,0.0799999999999983,0.22,201810,2018,736989,736989
1514,2018-10-23 00:00:00,36.77,37.0,0.22999999999999687,0.626,201810,2018,736990,736990
1515,2018-10-24 00:00:00,36.54,37.0,0.46000000000000085,1.259,201810,2018,736991,736991
1516,2018-10-25 00:00:00,36.79,36.75,-0.03999999999999915,-0.109,201810,2018,736992,736992
1517,2018-10-26 00:00:00,36.79,36.75,-0.03999999999999915,-0.109,201810,2018,736993,736993
1518,2018-10-29 00:00:00,36.79,36.5,-0.28999999999999915,-0.788,201810,2018,736996,736996
1519,2018-10-30 00:00:00,36.83,36.0,-0.8299999999999983,-2.254,201810,2018,736997,736997
1520,2018-10-31 00:00:00,36.2,35.75,-0.45000000000000284,-1.243,201810,2018,736998,736998
1521,2018-11-01 00:00:00,35.74,35.5,-0.240000000000002,-0.672,201811,2018,736999,736999
1522,2018-11-02 00:00:00,35.59,35.5,-0.09000000000000341,-0.253,201811,2018,737000,737000
1523,2018-11-05 00:00:00,35.55,35.25,-0.29999999999999716,-0.844,201811,2018,737003,737003
1524,2018-11-07 00:00:00,35.76,35.0,-0.759999999999998,-2.125,201811,2018,737005,737005
1525,2018-11-08 00:00:00,35.61,34.75,-0.8599999999999994,-2.415,201811,2018,737006,737006
1526,2018-11-09 00:00:00,35.49,34.75,-0.740000000000002,-2.085,201811,2018,737007,737007
1527,2018-11-12 00:00:00,35.51,35.25,-0.259999999999998,-0.732,201811,2018,737010,737010
1528,2018-11-13 00:00:00,35.89,36.25,0.35999999999999943,1.003,201811,2018,737011,737011
1529,2018-11-14 00:00:00,36.12,35.75,-0.36999999999999744,-1.024,201811,2018,737012,737012
1530,2018-11-15 00:00:00,36.07,35.25,-0.8200000000000003,-2.273,201811,2018,737013,737013
1531,2018-11-16 00:00:00,35.98,35.5,-0.4799999999999969,-1.334,201811,2018,737014,737014
1532,2018-11-20 00:00:00,36.26,35.5,-0.759999999999998,-2.096,201811,2018,737018,737018
1533,2018-11-21 00:00:00,36.27,35.75,-0.5200000000000031,-1.434,201811,2018,737019,737019
1534,2018-11-22 00:00:00,36.43,35.75,-0.6799999999999997,-1.867,201811,2018,737020,737020
1535,2018-11-23 00:00:00,36.89,37.0,0.10999999999999943,0.298,201811,2018,737021,737021
1536,2018-11-26 00:00:00,38.16,38.25,0.09000000000000341,0.236,201811,2018,737024,737024
1537,2018-11-27 00:00:00,38.88,37.0,-1.8800000000000026,-4.835,201811,2018,737025,737025
1538,2018-11-28 00:00:00,38.53,36.75,-1.7800000000000011,-4.62,201811,2018,737026,737026
1539,2018-11-29 00:00:00,38.02,36.75,-1.2700000000000031,-3.34,201811,2018,737027,737027
1540,2018-12-03 00:00:00,36.89,36.0,-0.8900000000000006,-2.413,201812,2018,737031,737031
1541,2018-12-04 00:00:00,37.06,36.5,-0.5600000000000023,-1.511,201812,2018,737032,737032
1542,2018-12-05 00:00:00,37.94,37.0,-0.9399999999999977,-2.478,201812,2018,737033,737033
1543,2018-12-06 00:00:00,37.86,36.75,-1.1099999999999994,-2.932,201812,2018,737034,737034
1544,2018-12-07 00:00:00,37.36,36.75,-0.6099999999999994,-1.633,201812,2018,737035,737035
1545,2018-12-10 00:00:00,37.7,37.0,-0.7000000000000028,-1.857,201812,2018,737038,737038
1546,2018-12-11 00:00:00,37.65,37.5,-0.14999999999999858,-0.398,201812,2018,737039,737039
1547,2018-12-12 00:00:00,37.64,37.5,-0.14000000000000057,-0.372,201812,2018,737040,737040
1548,2018-12-13 00:00:00,37.8,37.75,-0.04999999999999716,-0.132,201812,2018,737041,737041
1549,2018-12-14 00:00:00,38.17,38.0,-0.1700000000000017,-0.445,201812,2018,737042,737042
1550,2018-12-17 00:00:00,38.32,38.25,-0.07000000000000028,-0.183,201812,2018,737045,737045
1551,2018-12-18 00:00:00,38.21,39.0,0.7899999999999991,2.068,201812,2018,737046,737046
1552,2018-12-19 00:00:00,38.3,38.5,0.20000000000000284,0.522,201812,2018,737047,737047
1553,2018-12-20 00:00:00,38.07,38.25,0.17999999999999972,0.473,201812,2018,737048,737048
1554,2018-12-21 00:00:00,38.08,38.75,0.6700000000000017,1.759,201812,2018,737049,737049
1555,2018-12-26 00:00:00,38.51,40.5,1.990000000000002,5.167,201812,2018,737054,737054
1556,2018-12-27 00:00:00,38.57,40.0,1.4299999999999997,3.708,201812,2018,737055,737055
1557,2018-12-28 00:00:00,37.81,40.5,2.6899999999999977,7.115,201812,2018,737056,737056
1558,2019-01-02 00:00:00,37.93,40.5,2.5700000000000003,6.776,201901,2019,737061,737061
1559,2019-01-03 00:00:00,37.55,40.25,2.700000000000003,7.19,201901,2019,737062,737062
1560,2019-01-04 00:00:00,37.39,40.0,2.6099999999999994,6.98,201901,2019,737063,737063
1561,2019-01-07 00:00:00,37.36,39.5,2.1400000000000006,5.728,201901,2019,737066,737066
1562,2019-01-08 00:00:00,37.37,39.25,1.8800000000000026,5.031,201901,2019,737067,737067
1563,2019-01-09 00:00:00,37.47,39.75,2.280000000000001,6.085,201901,2019,737068,737068
1564,2019-01-10 00:00:00,37.31,39.25,1.9399999999999977,5.2,201901,2019,737069,737069
1565,2019-01-11 00:00:00,37.1,39.25,2.1499999999999986,5.795,201901,2019,737070,737070
1566,2019-01-14 00:00:00,37.1,39.0,1.8999999999999986,5.121,201901,2019,737073,737073
1567,2019-01-15 00:00:00,37.14,39.25,2.1099999999999994,5.681,201901,2019,737074,737074
1568,2019-01-16 00:00:00,37.36,39.25,1.8900000000000006,5.059,201901,2019,737075,737075
1569,2019-01-17 00:00:00,37.74,39.0,1.259999999999998,3.339,201901,2019,737076,737076
1570,2019-01-18 00:00:00,37.62,39.0,1.3800000000000026,3.668,201901,2019,737077,737077
1571,2019-01-21 00:00:00,37.71,38.75,1.0399999999999991,2.758,201901,2019,737080,737080
1572,2019-01-22 00:00:00,37.59,38.75,1.1599999999999966,3.086,201901,2019,737081,737081
1573,2019-01-23 00:00:00,37.56,39.0,1.4399999999999977,3.834,201901,2019,737082,737082
1574,2019-01-24 00:00:00,37.56,38.5,0.9399999999999977,2.503,201901,2019,737083,737083
1575,2019-01-25 00:00:00,37.14,38.25,1.1099999999999994,2.989,201901,2019,737084,737084
1576,2019-01-28 00:00:00,37.09,38.25,1.1599999999999966,3.128,201901,2019,737087,737087
1577,2019-01-29 00:00:00,37.23,38.5,1.2700000000000031,3.411,201901,2019,737088,737088
1578,2019-01-30 00:00:00,37.61,38.25,0.6400000000000006,1.702,201901,2019,737089,737089
1579,2019-01-31 00:00:00,37.04,37.5,0.46000000000000085,1.242,201901,2019,737090,737090
1580,2019-02-01 00:00:00,37.24,37.75,0.509999999999998,1.369,201902,2019,737091,737091
1581,2019-02-04 00:00:00,37.24,37.5,0.259999999999998,0.698,201902,2019,737094,737094
1582,2019-02-05 00:00:00,37.2,37.3,0.09999999999999432,0.269,201902,2019,737095,737095
1583,2019-02-06 00:00:00,37.43,37.25,-0.17999999999999972,-0.481,201902,2019,737096,737096
1584,2019-02-07 00:00:00,37.9,37.75,-0.14999999999999858,-0.396,201902,2019,737097,737097
1585,2019-02-08 00:00:00,37.86,37.5,-0.35999999999999943,-0.951,201902,2019,737098,737098
1586,2019-02-11 00:00:00,38.32,38.0,-0.3200000000000003,-0.835,201902,2019,737101,737101
1587,2019-02-12 00:00:00,37.82,38.0,0.17999999999999972,0.476,201902,2019,737102,737102
1588,2019-02-13 00:00:00,38.15,38.25,0.10000000000000142,0.262,201902,2019,737103,737103
1589,2019-02-14 00:00:00,38.37,38.5,0.13000000000000256,0.339,201902,2019,737104,737104
1590,2019-02-15 00:00:00,38.33,38.75,0.4200000000000017,1.096,201902,2019,737105,737105
1591,2019-02-18 00:00:00,38.77,38.75,-0.020000000000003126,-0.052,201902,2019,737108,737108
1592,2019-02-19 00:00:00,38.92,39.0,0.0799999999999983,0.206,201902,2019,737109,737109
1593,2019-02-20 00:00:00,40.04,39.75,-0.28999999999999915,-0.724,201902,2019,737110,737110
1594,2019-02-21 00:00:00,39.66,39.25,-0.4099999999999966,-1.034,201902,2019,737111,737111
1595,2019-02-22 00:00:00,39.25,38.75,-0.5,-1.274,201902,2019,737112,737112
1596,2019-02-25 00:00:00,38.96,38.75,-0.21000000000000085,-0.539,201902,2019,737115,737115
1597,2019-02-26 00:00:00,38.99,39.25,0.259999999999998,0.667,201902,2019,737116,737116
1598,2019-02-27 00:00:00,38.75,39.0,0.25,0.645,201902,2019,737117,737117
1599,2019-02-28 00:00:00,39.0,39.0,0.0,0.0,201902,2019,737118,737118
1600,2019-03-01 00:00:00,39.45,39.0,-0.45000000000000284,-1.141,201903,2019,737119,737119
1601,2019-03-06 00:00:00,40.48,40.5,0.020000000000003126,0.049,201903,2019,737124,737124
1602,2019-03-07 00:00:00,41.23,42.5,1.2700000000000031,3.08,201903,2019,737125,737125
1603,2019-03-08 00:00:00,41.3,41.0,-0.29999999999999716,-0.726,201903,2019,737126,737126
1604,2019-03-11 00:00:00,40.87,41.0,0.13000000000000256,0.318,201903,2019,737129,737129
1605,2019-03-12 00:00:00,41.35,41.25,-0.10000000000000142,-0.242,201903,2019,737130,737130
1606,2019-03-13 00:00:00,41.65,41.5,-0.14999999999999858,-0.36,201903,2019,737131,737131
1607,2019-03-14 00:00:00,40.98,41.0,0.020000000000003126,0.049,201903,2019,737132,737132
1608,2019-03-15 00:00:00,39.94,41.0,1.0600000000000023,2.654,201903,2019,737133,737133
1609,2019-03-18 00:00:00,39.71,41.0,1.2899999999999991,3.249,201903,2019,737136,737136
1610,2019-03-19 00:00:00,40.33,41.25,0.9200000000000017,2.281,201903,2019,737137,737137
1611,2019-03-20 00:00:00,41.08,41.25,0.1700000000000017,0.414,201903,2019,737138,737138
1612,2019-03-21 00:00:00,40.74,41.25,0.509999999999998,1.252,201903,2019,737139,737139
1613,2019-03-22 00:00:00,42.01,41.75,-0.259999999999998,-0.619,201903,2019,737140,737140
1614,2019-03-25 00:00:00,41.79,41.9,0.10999999999999943,0.263,201903,2019,737143,737143
1615,2019-03-26 00:00:00,42.35,42.55,0.19999999999999574,0.472,201903,2019,737144,737144
1616,2019-03-27 00:00:00,43.7,44.0,0.29999999999999716,0.686,201903,2019,737145,737145
1617,2019-03-28 00:00:00,43.59,43.8,0.20999999999999375,0.482,201903,2019,737146,737146
1618,2019-03-29 00:00:00,43.35,43.65,0.29999999999999716,0.692,201903,2019,737147,737147
1619,2019-04-01 00:00:00,42.82,43.5,0.6799999999999997,1.588,201904,2019,737150,737150
1620,2019-04-03 00:00:00,42.65,43.5,0.8500000000000014,1.993,201904,2019,737152,737152
1621,2019-04-04 00:00:00,43.25,43.65,0.3999999999999986,0.925,201904,2019,737153,737153
1622,2019-04-05 00:00:00,43.69,44.0,0.3100000000000023,0.71,201904,2019,737154,737154
1623,2019-04-08 00:00:00,43.8,44.0,0.20000000000000284,0.457,201904,2019,737157,737157
1624,2019-04-09 00:00:00,43.74,44.0,0.259999999999998,0.594,201904,2019,737158,737158
1625,2019-04-10 00:00:00,43.04,44.0,0.9600000000000009,2.23,201904,2019,737159,737159
1626,2019-04-11 00:00:00,42.91,44.0,1.0900000000000034,2.54,201904,2019,737160,737160
1627,2019-04-12 00:00:00,42.33,43.65,1.3200000000000003,3.118,201904,2019,737161,737161
1628,2019-04-15 00:00:00,41.56,43.5,1.9399999999999977,4.668,201904,2019,737164,737164
1629,2019-04-16 00:00:00,42.11,43.8,1.6899999999999977,4.013,201904,2019,737165,737165
1630,2019-04-17 00:00:00,41.78,43.45,1.6700000000000017,3.997,201904,2019,737166,737166
1631,2019-04-22 00:00:00,42.69,44.35,1.6600000000000037,3.888,201904,2019,737171,737171
1632,2019-04-23 00:00:00,42.38,44.15,1.769999999999996,4.176,201904,2019,737172,737172
1633,2019-04-24 00:00:00,43.48,44.5,1.0200000000000031,2.346,201904,2019,737173,737173
1634,2019-04-25 00:00:00,45.63,46.0,0.36999999999999744,0.811,201904,2019,737174,737174
1635,2019-04-26 00:00:00,44.88,46.1,1.2199999999999989,2.718,201904,2019,737175,737175
1636,2019-04-29 00:00:00,44.67,45.07,0.3999999999999986,0.895,201904,2019,737178,737178
1637,2019-04-30 00:00:00,44.01,46.0,1.990000000000002,4.522,201904,2019,737179,737179
1638,2019-05-02 00:00:00,44.75,46.25,1.5,3.352,201905,2019,737181,737181
1639,2019-05-03 00:00:00,44.42,45.75,1.3299999999999983,2.994,201905,2019,737182,737182
1640,2019-05-06 00:00:00,44.9,46.5,1.6000000000000014,3.563,201905,2019,737185,737185
1641,2019-05-07 00:00:00,44.9,46.0,1.1000000000000014,2.45,201905,2019,737186,737186
1642,2019-05-08 00:00:00,45.04,46.0,0.9600000000000009,2.131,201905,2019,737187,737187
1643,2019-05-09 00:00:00,45.57,46.0,0.4299999999999997,0.944,201905,2019,737188,737188
1644,2019-05-10 00:00:00,44.98,46.0,1.0200000000000031,2.268,201905,2019,737189,737189
1645,2019-05-13 00:00:00,45.41,46.0,0.5900000000000034,1.299,201905,2019,737192,737192
1646,2019-05-14 00:00:00,44.99,46.0,1.009999999999998,2.245,201905,2019,737193,737193
1647,2019-05-15 00:00:00,45.15,46.0,0.8500000000000014,1.883,201905,2019,737194,737194
1648,2019-05-16 00:00:00,44.86,46.0,1.1400000000000006,2.541,201905,2019,737195,737195
1649,2019-05-17 00:00:00,45.02,46.1,1.0799999999999983,2.399,201905,2019,737196,737196
1650,2019-05-20 00:00:00,45.32,46.35,1.0300000000000011,2.273,201905,2019,737199,737199
1651,2019-05-21 00:00:00,44.82,46.25,1.4299999999999997,3.191,201905,2019,737200,737200
1652,2019-05-22 00:00:00,44.72,46.1,1.3800000000000026,3.086,201905,2019,737201,737201
1653,2019-05-23 00:00:00,45.15,46.2,1.0500000000000043,2.326,201905,2019,737202,737202
1654,2019-05-24 00:00:00,44.96,46.15,1.1899999999999977,2.647,201905,2019,737203,737203
1655,2019-05-27 00:00:00,44.98,46.15,1.1700000000000017,2.601,201905,2019,737206,737206
1656,2019-05-28 00:00:00,44.79,46.2,1.4100000000000037,3.148,201905,2019,737207,737207
1657,2019-05-29 00:00:00,44.5,46.2,1.7000000000000028,3.82,201905,2019,737208,737208
1658,2019-05-30 00:00:00,44.45,45.9,1.4499999999999957,3.262,201905,2019,737209,737209
1659,2019-05-31 00:00:00,44.87,46.0,1.1300000000000026,2.518,201905,2019,737210,737210
1660,2019-06-03 00:00:00,44.87,46.1,1.230000000000004,2.741,201906,2019,737213,737213
1661,2019-06-04 00:00:00,44.76,46.0,1.240000000000002,2.77,201906,2019,737214,737214
1662,2019-06-05 00:00:00,44.8,45.6,0.8000000000000043,1.786,201906,2019,737215,737215
1663,2019-06-06 00:00:00,44.98,45.65,0.6700000000000017,1.49,201906,2019,737216,737216
1664,2019-06-07 00:00:00,44.88,45.7,0.8200000000000003,1.827,201906,2019,737217,737217
1665,2019-06-10 00:00:00,44.97,45.5,0.5300000000000011,1.179,201906,2019,737220,737220
1666,2019-06-11 00:00:00,44.74,45.5,0.759999999999998,1.699,201906,2019,737221,737221
1667,2019-06-12 00:00:00,43.75,45.3,1.5499999999999972,3.543,201906,2019,737222,737222
1668,2019-06-13 00:00:00,43.59,45.3,1.7099999999999937,3.923,201906,2019,737223,737223
1669,2019-06-14 00:00:00,43.87,45.2,1.3300000000000054,3.032,201906,2019,737224,737224
1670,2019-06-18 00:00:00,43.66,45.15,1.490000000000002,3.413,201906,2019,737228,737228
1671,2019-06-19 00:00:00,43.45,44.9,1.4499999999999957,3.337,201906,2019,737229,737229
1672,2019-06-21 00:00:00,42.92,44.5,1.5799999999999983,3.681,201906,2019,737231,737231
1673,2019-06-24 00:00:00,42.67,44.44,1.769999999999996,4.148,201906,2019,737234,737234
1674,2019-06-25 00:00:00,42.31,44.1,1.7899999999999991,4.231,201906,2019,737235,737235
1675,2019-06-26 00:00:00,42.71,44.2,1.490000000000002,3.489,201906,2019,737236,737236
1676,2019-06-27 00:00:00,42.84,44.2,1.3599999999999994,3.175,201906,2019,737237,737237
1677,2019-06-28 00:00:00,42.45,43.8,1.3499999999999943,3.18,201906,2019,737238,737238
1678,2019-07-01 00:00:00,42.14,43.45,1.3100000000000023,3.109,201907,2019,737241,737241
1679,2019-07-02 00:00:00,42.47,43.5,1.0300000000000011,2.425,201907,2019,737242,737242
1680,2019-07-03 00:00:00,42.09,43.05,0.9599999999999937,2.281,201907,2019,737243,737243
1681,2019-07-04 00:00:00,41.76,42.9,1.1400000000000006,2.73,201907,2019,737244,737244
1682,2019-07-05 00:00:00,41.98,42.9,0.9200000000000017,2.192,201907,2019,737245,737245
1683,2019-07-10 00:00:00,41.88,42.8,0.9199999999999946,2.197,201907,2019,737250,737250
1684,2019-07-11 00:00:00,41.76,43.2,1.4400000000000048,3.448,201907,2019,737251,737251
1685,2019-07-12 00:00:00,41.66,43.25,1.5900000000000034,3.817,201907,2019,737252,737252
1686,2019-07-15 00:00:00,41.86,43.75,1.8900000000000006,4.515,201907,2019,737255,737255
1687,2019-07-16 00:00:00,42.63,44.45,1.8200000000000003,4.269,201907,2019,737256,737256
1688,2019-07-17 00:00:00,42.52,44.2,1.6799999999999997,3.951,201907,2019,737257,737257
1689,2019-07-18 00:00:00,42.35,43.95,1.6000000000000014,3.778,201907,2019,737258,737258
1690,2019-07-19 00:00:00,42.45,43.95,1.5,3.534,201907,2019,737259,737259
1691,2019-07-22 00:00:00,42.48,44.05,1.5700000000000003,3.696,201907,2019,737262,737262
1692,2019-07-23 00:00:00,42.63,44.25,1.6199999999999974,3.8,201907,2019,737263,737263
1693,2019-07-24 00:00:00,42.81,44.6,1.7899999999999991,4.181,201907,2019,737264,737264
1694,2019-07-25 00:00:00,43.25,44.95,1.7000000000000028,3.931,201907,2019,737265,737265
1695,2019-07-26 00:00:00,43.22,44.95,1.730000000000004,4.003,201907,2019,737266,737266
1696,2019-07-29 00:00:00,43.76,45.15,1.3900000000000006,3.176,201907,2019,737269,737269
1697,2019-07-30 00:00:00,43.88,45.15,1.269999999999996,2.894,201907,2019,737270,737270
1698,2019-07-31 00:00:00,43.87,45.2,1.3300000000000054,3.032,201907,2019,737271,737271
1699,2019-08-01 00:00:00,44.32,45.43,1.1099999999999994,2.505,201908,2019,737272,737272
1700,2019-08-02 00:00:00,44.7,45.9,1.1999999999999957,2.685,201908,2019,737273,737273
1701,2019-08-05 00:00:00,45.44,46.6,1.1600000000000037,2.553,201908,2019,737276,737276
1702,2019-08-06 00:00:00,45.35,46.4,1.0499999999999972,2.315,201908,2019,737277,737277
1703,2019-08-07 00:00:00,45.69,46.5,0.8100000000000023,1.773,201908,2019,737278,737278
1704,2019-08-08 00:00:00,45.41,46.72,1.3100000000000023,2.885,201908,2019,737279,737279
1705,2019-08-09 00:00:00,45.4,46.9,1.5,3.304,201908,2019,737280,737280
1706,2019-08-12 00:00:00,55.75,57.0,1.25,2.242,201908,2019,737283,737283
1707,2019-08-13 00:00:00,56.32,57.0,0.6799999999999997,1.207,201908,2019,737284,737284
1708,2019-08-14 00:00:00,58.84,62.0,3.1599999999999966,5.37,201908,2019,737285,737285
1709,2019-08-15 00:00:00,56.63,59.0,2.3699999999999974,4.185,201908,2019,737286,737286
1710,2019-08-16 00:00:00,56.44,59.0,2.5600000000000023,4.536,201908,2019,737287,737287
1711,2019-08-20 00:00:00,55.36,58.0,2.6400000000000006,4.769,201908,2019,737291,737291
1712,2019-08-21 00:00:00,54.92,58.5,3.5799999999999983,6.519,201908,2019,737292,737292
1713,2019-08-22 00:00:00,55.03,58.0,2.969999999999999,5.397,201908,2019,737293,737293
1714,2019-08-23 00:00:00,55.27,58.0,2.729999999999997,4.939,201908,2019,737294,737294
1715,2019-08-26 00:00:00,55.34,57.5,2.1599999999999966,3.903,201908,2019,737297,737297
1716,2019-08-27 00:00:00,55.71,59.0,3.289999999999999,5.906,201908,2019,737298,737298
1717,2019-08-28 00:00:00,58.08,60.5,2.4200000000000017,4.167,201908,2019,737299,737299
1718,2019-08-29 00:00:00,58.2,60.75,2.549999999999997,4.381,201908,2019,737300,737300
1719,2019-08-30 00:00:00,59.08,63.0,3.9200000000000017,6.635,201908,2019,737301,737301
1720,2019-09-02 00:00:00,57.09,63.5,6.409999999999997,11.228,201909,2019,737304,737304
1721,2019-09-03 00:00:00,55.78,61.0,5.219999999999999,9.358,201909,2019,737305,737305
1722,2019-09-04 00:00:00,55.94,59.0,3.0600000000000023,5.47,201909,2019,737306,737306
1723,2019-09-05 00:00:00,56.0,59.0,3.0,5.357,201909,2019,737307,737307
1724,2019-09-06 00:00:00,55.91,59.0,3.0900000000000034,5.527,201909,2019,737308,737308
1725,2019-09-09 00:00:00,55.94,59.0,3.0600000000000023,5.47,201909,2019,737311,737311
1726,2019-09-10 00:00:00,56.07,58.75,2.6799999999999997,4.78,201909,2019,737312,737312
1727,2019-09-11 00:00:00,56.11,59.0,2.8900000000000006,5.151,201909,2019,737313,737313
1728,2019-09-12 00:00:00,56.18,60.0,3.8200000000000003,6.8,201909,2019,737314,737314
1729,2019-09-13 00:00:00,56.15,61.5,5.350000000000001,9.528,201909,2019,737315,737315
1730,2019-09-16 00:00:00,56.25,61.5,5.25,9.333,201909,2019,737318,737318
1731,2019-09-17 00:00:00,56.45,62.0,5.549999999999997,9.832,201909,2019,737319,737319
1732,2019-09-18 00:00:00,56.5,62.75,6.25,11.062,201909,2019,737320,737320
1733,2019-09-19 00:00:00,56.61,63.0,6.390000000000001,11.288,201909,2019,737321,737321
1734,2019-09-20 00:00:00,56.62,62.75,6.130000000000003,10.827,201909,2019,737322,737322
1735,2019-09-23 00:00:00,56.93,62.25,5.32,9.345,201909,2019,737325,737325
1736,2019-09-24 00:00:00,56.94,61.75,4.810000000000002,8.447,201909,2019,737326,737326
1737,2019-09-25 00:00:00,57.01,61.75,4.740000000000002,8.314,201909,2019,737327,737327
1738,2019-09-26 00:00:00,57.18,62.0,4.82,8.43,201909,2019,737328,737328
1739,2019-09-27 00:00:00,57.32,61.5,4.18,7.292,201909,2019,737329,737329
1740,2019-09-30 00:00:00,57.56,61.25,3.6899999999999977,6.411,201909,2019,737332,737332
1741,2019-10-01 00:00:00,57.7,60.75,3.049999999999997,5.286,201910,2019,737333,737333
1742,2019-10-02 00:00:00,57.89,61.5,3.6099999999999994,6.236,201910,2019,737334,737334
1743,2019-10-03 00:00:00,57.76,61.0,3.240000000000002,5.609,201910,2019,737335,737335
1744,2019-10-04 00:00:00,57.71,61.25,3.539999999999999,6.134,201910,2019,737336,737336
1745,2019-10-07 00:00:00,57.87,61.25,3.3800000000000026,5.841,201910,2019,737339,737339
1746,2019-10-08 00:00:00,57.84,61.5,3.6599999999999966,6.328,201910,2019,737340,737340
1747,2019-10-09 00:00:00,57.96,61.75,3.789999999999999,6.539,201910,2019,737341,737341
1748,2019-10-10 00:00:00,57.98,63.0,5.020000000000003,8.658,201910,2019,737342,737342
1749,2019-10-11 00:00:00,58.05,63.5,5.450000000000003,9.388,201910,2019,737343,737343
1750,2019-10-15 00:00:00,58.24,63.5,5.259999999999998,9.032,201910,2019,737347,737347
1751,2019-10-16 00:00:00,58.33,64.5,6.170000000000002,10.578,201910,2019,737348,737348
1752,2019-10-17 00:00:00,58.31,67.5,9.189999999999998,15.761,201910,2019,737349,737349
1753,2019-10-18 00:00:00,58.34,65.25,6.909999999999997,11.844,201910,2019,737350,737350
1754,2019-10-21 00:00:00,58.52,66.25,7.729999999999997,13.209,201910,2019,737353,737353
1755,2019-10-22 00:00:00,58.65,67.25,8.600000000000001,14.663,201910,2019,737354,737354
1756,2019-10-23 00:00:00,58.94,69.75,10.810000000000002,18.341,201910,2019,737355,737355
1757,2019-10-24 00:00:00,59.34,69.75,10.409999999999997,17.543,201910,2019,737356,737356
1758,2019-10-25 00:00:00,60.0,75.75,15.75,26.25,201910,2019,737357,737357
1759,2019-10-28 00:00:00,59.47,74.0,14.530000000000001,24.432,201910,2019,737360,737360
1760,2019-10-29 00:00:00,59.46,67.0,7.539999999999999,12.681,201910,2019,737361,737361
1761,2019-10-30 00:00:00,59.58,67.0,7.420000000000002,12.454,201910,2019,737362,737362
1762,2019-10-31 00:00:00,59.73,69.0,9.270000000000003,15.52,201910,2019,737363,737363
1763,2019-11-01 00:00:00,59.76,67.5,7.740000000000002,12.952,201911,2019,737364,737364
1764,2019-11-04 00:00:00,59.76,65.5,5.740000000000002,9.605,201911,2019,737367,737367
1765,2019-11-05 00:00:00,59.68,64.5,4.82,8.076,201911,2019,737368,737368
1766,2019-11-07 00:00:00,59.6,64.0,4.399999999999999,7.383,201911,2019,737370,737370
1767,2019-11-08 00:00:00,59.54,65.25,5.710000000000001,9.59,201911,2019,737371,737371
1768,2019-11-11 00:00:00,59.75,64.5,4.75,7.95,201911,2019,737374,737374
1769,2019-11-12 00:00:00,59.75,65.5,5.75,9.623,201911,2019,737375,737375
1770,2019-11-13 00:00:00,59.74,66.75,7.009999999999998,11.734,201911,2019,737376,737376
1771,2019-11-14 00:00:00,59.73,66.75,7.020000000000003,11.753,201911,2019,737377,737377
1772,2019-11-15 00:00:00,59.69,66.75,7.060000000000002,11.828,201911,2019,737378,737378
1773,2019-11-19 00:00:00,59.71,66.5,6.789999999999999,11.372,201911,2019,737382,737382
1774,2019-11-20 00:00:00,59.72,66.75,7.030000000000001,11.772,201911,2019,737383,737383
1775,2019-11-21 00:00:00,59.75,66.75,7.0,11.715,201911,2019,737384,737384
1776,2019-11-22 00:00:00,59.79,68.5,8.71,14.568,201911,2019,737385,737385
1777,2019-11-25 00:00:00,59.75,68.0,8.25,13.808,201911,2019,737388,737388
1778,2019-11-26 00:00:00,59.72,68.25,8.530000000000001,14.283,201911,2019,737389,737389
1779,2019-11-27 00:00:00,59.88,69.25,9.369999999999997,15.648,201911,2019,737390,737390
1780,2019-11-28 00:00:00,59.85,69.75,9.899999999999999,16.541,201911,2019,737391,737391
1781,2019-11-29 00:00:00,59.86,69.25,9.39,15.687,201911,2019,737392,737392
1782,2019-12-02 00:00:00,59.95,68.25,8.299999999999997,13.845,201912,2019,737395,737395
1783,2019-12-03 00:00:00,59.94,68.5,8.560000000000002,14.281,201912,2019,737396,737396
1784,2019-12-04 00:00:00,59.91,69.0,9.090000000000003,15.173,201912,2019,737397,737397
1785,2019-12-05 00:00:00,59.94,70.0,10.060000000000002,16.783,201912,2019,737398,737398
1786,2019-12-06 00:00:00,59.96,71.0,11.04,18.412,201912,2019,737399,737399
1787,2019-12-09 00:00:00,59.95,70.0,10.049999999999997,16.764,201912,2019,737402,737402
1788,2019-12-10 00:00:00,59.96,69.5,9.54,15.911,201912,2019,737403,737403
1789,2019-12-11 00:00:00,59.83,68.5,8.670000000000002,14.491,201912,2019,737404,737404
1790,2019-12-12 00:00:00,59.83,66.5,6.670000000000002,11.148,201912,2019,737405,737405
1791,2019-12-13 00:00:00,59.82,66.75,6.93,11.585,201912,2019,737406,737406
1792,2019-12-16 00:00:00,59.84,72.5,12.659999999999997,21.156,201912,2019,737409,737409
1793,2019-12-17 00:00:00,59.82,74.0,14.18,23.704,201912,2019,737410,737410
1794,2019-12-18 00:00:00,59.82,76.0,16.18,27.048,201912,2019,737411,737411
1795,2019-12-19 00:00:00,59.82,75.75,15.93,26.63,201912,2019,737412,737412
1796,2019-12-20 00:00:00,59.82,75.0,15.18,25.376,201912,2019,737413,737413
1797,2019-12-23 00:00:00,59.86,76.75,16.89,28.216,201912,2019,737416,737416
1798,2019-12-26 00:00:00,59.92,80.0,20.08,33.511,201912,2019,737419,737419
1799,2019-12-27 00:00:00,59.89,78.5,18.61,31.074,201912,2019,737420,737420
1800,2019-12-30 00:00:00,59.9,78.5,18.6,31.052,201912,2019,737423,737423
1801,2020-01-02 00:00:00,59.85,77.0,17.15,28.655,202001,2020,737426,737426
1802,2020-01-03 00:00:00,59.83,77.0,17.17,28.698,202001,2020,737427,737427
1803,2020-01-06 00:00:00,59.82,77.25,17.43,29.137,202001,2020,737430,737430
1804,2020-01-07 00:00:00,59.82,76.25,16.43,27.466,202001,2020,737431,737431
1805,2020-01-08 00:00:00,59.82,76.5,16.68,27.884,202001,2020,737432,737432
1806,2020-01-09 00:00:00,59.82,76.5,16.68,27.884,202001,2020,737433,737433
1807,2020-01-10 00:00:00,59.82,76.5,16.68,27.884,202001,2020,737434,737434
1808,2020-01-13 00:00:00,59.88,76.5,16.619999999999997,27.756,202001,2020,737437,737437
1809,2020-01-14 00:00:00,60.04,77.5,17.46,29.081,202001,2020,737438,737438
1810,2020-01-15 00:00:00,60.01,78.0,17.990000000000002,29.978,202001,2020,737439,737439
1811,2020-01-16 00:00:00,60.0,77.75,17.75,29.583,202001,2020,737440,737440
1812,2020-01-17 00:00:00,60.01,77.75,17.740000000000002,29.562,202001,2020,737441,737441
1813,2020-01-20 00:00:00,60.03,78.0,17.97,29.935,202001,2020,737444,737444
1814,2020-01-21 00:00:00,60.06,77.5,17.439999999999998,29.038,202001,2020,737445,737445
1815,2020-01-22 00:00:00,60.11,77.75,17.64,29.346,202001,2020,737446,737446
1816,2020-01-23 00:00:00,60.09,77.75,17.659999999999997,29.389,202001,2020,737447,737447
1817,2020-01-24 00:00:00,60.1,78.5,18.4,30.616,202001,2020,737448,737448
1818,2020-01-27 00:00:00,60.14,78.0,17.86,29.697,202001,2020,737451,737451
1819,2020-01-28 00:00:00,60.18,78.25,18.07,30.027,202001,2020,737452,737452
1820,2020-01-29 00:00:00,60.24,78.25,18.009999999999998,29.897,202001,2020,737453,737453
1821,2020-01-30 00:00:00,60.25,78.0,17.75,29.461,202001,2020,737454,737454
1822,2020-01-31 00:00:00,60.33,78.0,17.67,29.289,202001,2020,737455,737455
1823,2020-02-03 00:00:00,60.43,78.0,17.57,29.075,202002,2020,737458,737458
1824,2020-02-04 00:00:00,60.58,78.0,17.42,28.755,202002,2020,737459,737459
1825,2020-02-05 00:00:00,60.58,78.0,17.42,28.755,202002,2020,737460,737460
1826,2020-02-06 00:00:00,60.67,77.5,16.83,27.74,202002,2020,737461,737461
1827,2020-02-07 00:00:00,60.77,77.5,16.729999999999997,27.53,202002,2020,737462,737462
1828,2020-02-10 00:00:00,60.97,77.0,16.03,26.292,202002,2020,737465,737465
1829,2020-02-11 00:00:00,61.11,77.5,16.39,26.82,202002,2020,737466,737466
1830,2020-02-12 00:00:00,61.23,78.25,17.020000000000003,27.797,202002,2020,737467,737467
1831,2020-02-13 00:00:00,61.38,78.9,17.520000000000003,28.543,202002,2020,737468,737468
1832,2020-02-14 00:00:00,61.45,77.9,16.450000000000003,26.77,202002,2020,737469,737469
1833,2020-02-17 00:00:00,61.66,78.0,16.340000000000003,26.5,202002,2020,737472,737472
1834,2020-02-18 00:00:00,61.66,78.7,17.040000000000006,27.635,202002,2020,737473,737473
1835,2020-02-19 00:00:00,61.72,78.9,17.180000000000007,27.835,202002,2020,737474,737474
1836,2020-02-20 00:00:00,61.79,78.8,17.009999999999998,27.529,202002,2020,737475,737475
1837,2020-02-21 00:00:00,61.83,78.8,16.97,27.446,202002,2020,737476,737476
1838,2020-02-26 00:00:00,62.08,78.7,16.620000000000005,26.772,202002,2020,737481,737481
1839,2020-02-27 00:00:00,62.14,78.5,16.36,26.328,202002,2020,737482,737482
1840,2020-02-28 00:00:00,62.21,78.5,16.29,26.186,202002,2020,737483,737483
1841,2020-03-02 00:00:00,62.25,78.5,16.25,26.104,202003,2020,737486,737486
1842,2020-03-03 00:00:00,62.3,78.5,16.200000000000003,26.003,202003,2020,737487,737487
1843,2020-03-04 00:00:00,62.36,78.5,16.14,25.882,202003,2020,737488,737488
1844,2020-03-05 00:00:00,62.42,78.5,16.08,25.761,202003,2020,737489,737489
1845,2020-03-06 00:00:00,62.48,78.5,16.020000000000003,25.64,202003,2020,737490,737490
1846,2020-03-09 00:00:00,62.53,79.5,16.97,27.139,202003,2020,737493,737493
1847,2020-03-10 00:00:00,62.59,79.75,17.159999999999997,27.417,202003,2020,737494,737494
1848,2020-03-11 00:00:00,62.67,80.0,17.33,27.653,202003,2020,737495,737495
1849,2020-03-12 00:00:00,62.82,83.0,20.18,32.124,202003,2020,737496,737496
1850,2020-03-13 00:00:00,62.9,83.75,20.85,33.148,202003,2020,737497,737497
1851,2020-03-16 00:00:00,63.04,85.0,21.96,34.835,202003,2020,737500,737500
1852,2020-03-17 00:00:00,63.18,86.5,23.32,36.91,202003,2020,737501,737501
1853,2020-03-18 00:00:00,63.33,89.25,25.92,40.928,202003,2020,737502,737502
1854,2020-03-19 00:00:00,63.55,85.5,21.950000000000003,34.54,202003,2020,737503,737503
1855,2020-03-20 00:00:00,63.77,85.5,21.729999999999997,34.076,202003,2020,737504,737504
1856,2020-03-25 00:00:00,64.05,84.5,20.450000000000003,31.928,202003,2020,737509,737509
1857,2020-03-26 00:00:00,64.23,84.5,20.269999999999996,31.558,202003,2020,737510,737510
1858,2020-03-27 00:00:00,64.41,83.5,19.090000000000003,29.638,202003,2020,737511,737511
1859,2020-03-30 00:00:00,64.47,83.5,19.03,29.518,202003,2020,737514,737514
1860,2020-04-01 00:00:00,64.53,83.5,18.97,29.397,202004,2020,737516,737516
1861,2020-04-02 00:00:00,64.72,83.5,18.78,29.017,202004,2020,737517,737517
1862,2020-04-03 00:00:00,64.91,83.5,18.590000000000003,28.64,202004,2020,737518,737518
1863,2020-04-06 00:00:00,64.99,85.0,20.010000000000005,30.789,202004,2020,737521,737521
1864,2020-04-07 00:00:00,65.07,85.0,19.930000000000007,30.629,202004,2020,737522,737522
1865,2020-04-08 00:00:00,65.16,85.0,19.840000000000003,30.448,202004,2020,737523,737523
1866,2020-04-13 00:00:00,65.38,89.25,23.870000000000005,36.51,202004,2020,737528,737528
1867,2020-04-14 00:00:00,65.5,90.0,24.5,37.405,202004,2020,737529,737529
1868,2020-04-15 00:00:00,65.62,96.0,30.379999999999995,46.297,202004,2020,737530,737530
1869,2020-04-16 00:00:00,65.74,100.0,34.260000000000005,52.114,202004,2020,737531,737531
1870,2020-04-17 00:00:00,65.86,105.0,39.14,59.429,202004,2020,737532,737532
1871,2020-04-20 00:00:00,65.98,105.0,39.019999999999996,59.139,202004,2020,737535,737535
1872,2020-04-21 00:00:00,66.09,107.0,40.91,61.9,202004,2020,737536,737536
1873,2020-04-22 00:00:00,66.23,110.0,43.769999999999996,66.088,202004,2020,737537,737537
1874,2020-04-23 00:00:00,66.32,120.0,53.68000000000001,80.941,202004,2020,737538,737538
1875,2020-04-24 00:00:00,66.43,117.0,50.56999999999999,76.125,202004,2020,737539,737539
1876,2020-04-27 00:00:00,66.53,118.0,51.47,77.364,202004,2020,737542,737542
1877,2020-04-28 00:00:00,66.64,120.0,53.36,80.072,202004,2020,737543,737543
1878,2020-04-29 00:00:00,66.75,121.0,54.25,81.273,202004,2020,737544,737544
1879,2020-04-30 00:00:00,66.84,118.0,51.16,76.541,202004,2020,737545,737545
1880,2020-05-04 00:00:00,66.93,120.0,53.06999999999999,79.292,202005,2020,737549,737549
1881,2020-05-05 00:00:00,67.01,120.0,52.989999999999995,79.078,202005,2020,737550,737550
1882,2020-05-06 00:00:00,67.1,122.0,54.900000000000006,81.818,202005,2020,737551,737551
1883,2020-05-07 00:00:00,67.19,122.0,54.81,81.575,202005,2020,737552,737552
1884,2020-05-08 00:00:00,67.28,122.0,54.72,81.332,202005,2020,737553,737553
1885,2020-05-11 00:00:00,67.37,124.5,57.129999999999995,84.8,202005,2020,737556,737556
1886,2020-05-12 00:00:00,67.46,127.0,59.540000000000006,88.26,202005,2020,737557,737557
1887,2020-05-13 00:00:00,67.55,133.0,65.45,96.891,202005,2020,737558,737558
1888,2020-05-14 00:00:00,67.64,138.0,70.36,104.021,202005,2020,737559,737559
1889,2020-05-15 00:00:00,67.73,138.0,70.27,103.75,202005,2020,737560,737560
1890,2020-05-18 00:00:00,67.82,128.0,60.18000000000001,88.735,202005,2020,737563,737563
1891,2020-05-19 00:00:00,67.91,124.0,56.09,82.595,202005,2020,737564,737564
1892,2020-05-20 00:00:00,68.0,124.0,56.0,82.353,202005,2020,737565,737565
1893,2020-05-21 00:00:00,68.09,125.0,56.91,83.581,202005,2020,737566,737566
1894,2020-05-22 00:00:00,68.18,126.0,57.81999999999999,84.805,202005,2020,737567,737567
1895,2020-05-26 00:00:00,68.27,129.0,60.730000000000004,88.956,202005,2020,737571,737571
1896,2020-05-27 00:00:00,68.36,127.0,58.64,85.781,202005,2020,737572,737572
1897,2020-05-28 00:00:00,68.45,124.0,55.55,81.154,202005,2020,737573,737573
1898,2020-05-29 00:00:00,68.54,125.0,56.459999999999994,82.375,202005,2020,737574,737574
1899,2020-06-01 00:00:00,68.63,128.0,59.370000000000005,86.507,202006,2020,737577,737577
1900,2020-06-02 00:00:00,68.72,124.0,55.28,80.442,202006,2020,737578,737578
1901,2020-06-03 00:00:00,68.81,123.0,54.19,78.753,202006,2020,737579,737579
1902,2020-06-04 00:00:00,68.9,123.0,54.099999999999994,78.52,202006,2020,737580,737580
1903,2020-06-05 00:00:00,68.99,125.0,56.010000000000005,81.186,202006,2020,737581,737581
1904,2020-06-08 00:00:00,69.08,125.0,55.92,80.95,202006,2020,737584,737584
1905,2020-06-09 00:00:00,69.17,124.0,54.83,79.268,202006,2020,737585,737585
1906,2020-06-10 00:00:00,69.26,124.0,54.739999999999995,79.036,202006,2020,737586,737586
1907,2020-06-11 00:00:00,69.32,123.0,53.68000000000001,77.438,202006,2020,737587,737587
1908,2020-06-12 00:00:00,69.38,126.0,56.620000000000005,81.609,202006,2020,737588,737588
1909,2020-06-16 00:00:00,69.62,125.0,55.379999999999995,79.546,202006,2020,737592,737592
1910,2020-06-17 00:00:00,69.68,124.0,54.31999999999999,77.956,202006,2020,737593,737593
1911,2020-06-18 00:00:00,69.74,127.0,57.260000000000005,82.105,202006,2020,737594,737594
1912,2020-06-19 00:00:00,69.8,128.0,58.2,83.381,202006,2020,737595,737595
1913,2020-06-22 00:00:00,69.98,127.0,57.019999999999996,81.48,202006,2020,737598,737598
1914,2020-06-23 00:00:00,70.04,127.0,56.959999999999994,81.325,202006,2020,737599,737599
1915,2020-06-24 00:00:00,70.1,128.0,57.900000000000006,82.596,202006,2020,737600,737600
1916,2020-06-25 00:00:00,70.16,128.0,57.84,82.44,202006,2020,737601,737601
1917,2020-06-26 00:00:00,70.22,129.0,58.78,83.708,202006,2020,737602,737602
1918,2020-06-29 00:00:00,70.4,129.0,58.599999999999994,83.239,202006,2020,737605,737605
1919,2020-06-30 00:00:00,70.46,126.0,55.540000000000006,78.825,202006,2020,737606,737606
1920,2020-07-01 00:00:00,70.52,128.0,57.480000000000004,81.509,202007,2020,737607,737607
1921,2020-07-02 00:00:00,70.58,129.0,58.42,82.771,202007,2020,737608,737608
1922,2020-07-03 00:00:00,70.64,127.0,56.36,79.785,202007,2020,737609,737609
1923,2020-07-06 00:00:00,70.82,127.0,56.18000000000001,79.328,202007,2020,737612,737612
1924,2020-07-07 00:00:00,70.88,127.0,56.120000000000005,79.176,202007,2020,737613,737613
1925,2020-07-08 00:00:00,70.94,127.0,56.06,79.025,202007,2020,737614,737614
1926,2020-07-13 00:00:00,71.23,127.0,55.769999999999996,78.296,202007,2020,737619,737619
1927,2020-07-14 00:00:00,71.3,127.0,55.7,78.121,202007,2020,737620,737620
1928,2020-07-15 00:00:00,71.36,127.0,55.64,77.971,202007,2020,737621,737621
1929,2020-07-16 00:00:00,71.42,130.0,58.58,82.022,202007,2020,737622,737622
1930,2020-07-17 00:00:00,71.48,130.0,58.519999999999996,81.869,202007,2020,737623,737623
1931,2020-07-20 00:00:00,71.66,130.0,58.34,81.412,202007,2020,737626,737626
1932,2020-07-21 00:00:00,71.72,132.0,60.28,84.049,202007,2020,737627,737627
1933,2020-07-22 00:00:00,71.78,133.0,61.22,85.288,202007,2020,737628,737628
1934,2020-07-23 00:00:00,71.84,136.0,64.16,89.31,202007,2020,737629,737629
1935,2020-07-24 00:00:00,71.9,139.0,67.1,93.324,202007,2020,737630,737630
1936,2020-07-27 00:00:00,72.08,136.0,63.92,88.679,202007,2020,737633,737633
1937,2020-07-28 00:00:00,72.14,135.0,62.86,87.136,202007,2020,737634,737634
1938,2020-07-29 00:00:00,72.2,135.0,62.8,86.981,202007,2020,737635,737635
1939,2020-07-30 00:00:00,72.26,136.0,63.739999999999995,88.209,202007,2020,737636,737636
1940,2020-07-31 00:00:00,72.32,136.0,63.68000000000001,88.053,202007,2020,737637,737637
1941,2020-08-03 00:00:00,72.52,136.0,63.480000000000004,87.534,202008,2020,737640,737640
1942,2020-08-04 00:00:00,72.57,128.0,55.43000000000001,76.381,202008,2020,737641,737641
1943,2020-08-05 00:00:00,72.62,129.0,56.379999999999995,77.637,202008,2020,737642,737642
1944,2020-08-06 00:00:00,72.7,130.0,57.3,78.817,202008,2020,737643,737643
1945,2020-08-07 00:00:00,72.77,132.0,59.230000000000004,81.393,202008,2020,737644,737644
1946,2020-08-10 00:00:00,72.95,131.0,58.05,79.575,202008,2020,737647,737647
1947,2020-08-11 00:00:00,73.0,131.0,58.0,79.452,202008,2020,737648,737648
1948,2020-08-12 00:00:00,73.05,132.0,58.95,80.698,202008,2020,737649,737649
1949,2020-08-13 00:00:00,73.11,133.0,59.89,81.918,202008,2020,737650,737650
1950,2020-08-14 00:00:00,73.16,132.0,58.84,80.426,202008,2020,737651,737651
1951,2020-08-18 00:00:00,73.4,132.0,58.599999999999994,79.837,202008,2020,737655,737655
1952,2020-08-19 00:00:00,73.48,134.0,60.519999999999996,82.363,202008,2020,737656,737656
1953,2020-08-20 00:00:00,73.53,136.0,62.47,84.959,202008,2020,737657,737657
1954,2020-08-21 00:00:00,73.58,138.0,64.42,87.551,202008,2020,737658,737658
1955,2020-08-24 00:00:00,73.73,137.0,63.269999999999996,85.813,202008,2020,737661,737661
1956,2020-08-25 00:00:00,73.81,137.0,63.19,85.612,202008,2020,737662,737662
1957,2020-08-26 00:00:00,73.86,137.0,63.14,85.486,202008,2020,737663,737663
1958,2020-08-27 00:00:00,73.94,138.0,64.06,86.638,202008,2020,737664,737664
1959,2020-08-28 00:00:00,74.0,136.0,62.0,83.784,202008,2020,737665,737665
1960,2020-08-31 00:00:00,74.18,135.0,60.81999999999999,81.99,202008,2020,737668,737668
1961,2020-09-01 00:00:00,74.25,133.0,58.75,79.125,202009,2020,737669,737669
1962,2020-09-02 00:00:00,74.32,133.0,58.68000000000001,78.956,202009,2020,737670,737670
1963,2020-09-03 00:00:00,74.38,134.0,59.620000000000005,80.156,202009,2020,737671,737671
1964,2020-09-04 00:00:00,74.44,132.0,57.56,77.324,202009,2020,737672,737672
1965,2020-09-07 00:00:00,74.65,131.0,56.349999999999994,75.486,202009,2020,737675,737675
1966,2020-09-08 00:00:00,74.71,131.0,56.290000000000006,75.345,202009,2020,737676,737676
1967,2020-09-09 00:00:00,74.77,131.0,56.230000000000004,75.204,202009,2020,737677,737677
1968,2020-09-10 00:00:00,74.84,131.0,56.16,75.04,202009,2020,737678,737678
1969,2020-09-11 00:00:00,74.91,131.0,56.09,74.877,202009,2020,737679,737679
1970,2020-09-14 00:00:00,75.12,132.0,56.879999999999995,75.719,202009,2020,737682,737682
1971,2020-09-15 00:00:00,75.19,131.0,55.81,74.225,202009,2020,737683,737683
1972,2020-09-16 00:00:00,75.25,145.0,69.75,92.691,202009,2020,737684,737684
1973,2020-09-17 00:00:00,75.32,141.0,65.68,87.201,202009,2020,737685,737685
1974,2020-09-18 00:00:00,75.38,140.0,64.62,85.726,202009,2020,737686,737686
1975,2020-09-21 00:00:00,75.59,141.0,65.41,86.533,202009,2020,737689,737689
1976,2020-09-22 00:00:00,75.65,144.0,68.35,90.35,202009,2020,737690,737690
1977,2020-09-23 00:00:00,75.72,145.0,69.28,91.495,202009,2020,737691,737691
1978,2020-09-24 00:00:00,75.78,147.0,71.22,93.983,202009,2020,737692,737692
1979,2020-09-25 00:00:00,75.85,145.0,69.15,91.167,202009,2020,737693,737693
1980,2020-09-28 00:00:00,76.06,145.0,68.94,90.639,202009,2020,737696,737696
1981,2020-09-29 00:00:00,76.12,146.0,69.88,91.802,202009,2020,737697,737697
1982,2020-09-30 00:00:00,76.18,146.0,69.82,91.651,202009,2020,737698,737698
1983,2020-10-01 00:00:00,76.25,147.0,70.75,92.787,202010,2020,737699,737699
1984,2020-10-02 00:00:00,76.95,150.0,73.05,94.932,202010,2020,737700,737700
1985,2020-10-05 00:00:00,77.05,150.0,72.95,94.679,202010,2020,737703,737703
1986,2020-10-06 00:00:00,77.08,152.0,74.92,97.198,202010,2020,737704,737704
1987,2020-10-07 00:00:00,77.1,155.0,77.9,101.038,202010,2020,737705,737705
1988,2020-10-08 00:00:00,77.1,158.0,80.9,104.929,202010,2020,737706,737706
1989,2020-10-09 00:00:00,77.11,167.0,89.89,116.574,202010,2020,737707,737707
1990,2020-10-13 00:00:00,77.4,166.0,88.6,114.47,202010,2020,737711,737711
1991,2020-10-14 00:00:00,77.42,167.0,89.58,115.707,202010,2020,737712,737712
1992,2020-10-15 00:00:00,77.46,171.0,93.54,120.759,202010,2020,737713,737713
1993,2020-10-16 00:00:00,77.53,178.0,100.47,129.589,202010,2020,737714,737714
1994,2020-10-19 00:00:00,77.58,181.0,103.42,133.308,202010,2020,737717,737717
1995,2020-10-20 00:00:00,77.66,180.0,102.34,131.78,202010,2020,737718,737718
1996,2020-10-21 00:00:00,77.71,183.0,105.29,135.491,202010,2020,737719,737719
1997,2020-10-22 00:00:00,78.05,190.0,111.95,143.434,202010,2020,737720,737720
1998,2020-10-23 00:00:00,78.09,195.0,116.91,149.712,202010,2020,737721,737721
1999,2020-10-26 00:00:00,78.21,190.0,111.79,142.936,202010,2020,737724,737724
2000,2020-10-27 00:00:00,78.3,181.0,102.7,131.162,202010,2020,737725,737725
2001,2020-10-28 00:00:00,78.3,178.0,99.7,127.331,202010,2020,737726,737726
2002,2020-10-29 00:00:00,78.3,175.0,96.7,123.499,202010,2020,737727,737727
2003,2020-10-30 00:00:00,78.33,169.0,90.67,115.754,202010,2020,737728,737728
2004,2020-11-02 00:00:00,78.69,168.0,89.31,113.496,202011,2020,737731,737731
2005,2020-11-03 00:00:00,78.9,165.0,86.1,109.125,202011,2020,737732,737732
2006,2020-11-04 00:00:00,79.02,161.0,81.98,103.746,202011,2020,737733,737733
2007,2020-11-05 00:00:00,79.09,157.0,77.91,98.508,202011,2020,737734,737734
2008,2020-11-09 00:00:00,79.34,151.0,71.66,90.32,202011,2020,737738,737738
2009,2020-11-10 00:00:00,79.43,149.0,69.57,87.587,202011,2020,737739,737739
2010,2020-11-11 00:00:00,79.48,162.0,82.52,103.825,202011,2020,737740,737740
2011,2020-11-12 00:00:00,79.58,167.0,87.42,109.852,202011,2020,737741,737741
2012,2020-11-13 00:00:00,79.73,172.0,92.27,115.728,202011,2020,737742,737742
2013,2020-11-16 00:00:00,79.96,162.0,82.04,102.601,202011,2020,737745,737745
2014,2020-11-17 00:00:00,80.03,163.0,82.97,103.674,202011,2020,737746,737746
2015,2020-11-18 00:00:00,80.15,164.0,83.85,104.616,202011,2020,737747,737747
2016,2020-11-19 00:00:00,80.27,163.0,82.73,103.065,202011,2020,737748,737748
2017,2020-11-20 00:00:00,80.36,161.0,80.64,100.348,202011,2020,737749,737749
2018,2020-11-24 00:00:00,80.69,160.0,79.31,98.29,202011,2020,737753,737753
2019,2020-11-25 00:00:00,80.79,158.0,77.21,95.569,202011,2020,737754,737754
2020,2020-11-26 00:00:00,80.89,157.0,76.11,94.091,202011,2020,737755,737755
2021,2020-11-27 00:00:00,81.04,156.0,74.96,92.498,202011,2020,737756,737756
2022,2020-11-30 00:00:00,81.3,155.0,73.7,90.652,202011,2020,737759,737759
2023,2020-12-01 00:00:00,81.4,153.0,71.6,87.961,202012,2020,737760,737760
2024,2020-12-02 00:00:00,81.48,153.0,71.52,87.776,202012,2020,737761,737761
2025,2020-12-03 00:00:00,81.56,151.0,69.44,85.14,202012,2020,737762,737762
2026,2020-12-04 00:00:00,81.65,150.0,68.35,83.711,202012,2020,737763,737763
2027,2020-12-09 00:00:00,82.05,149.0,66.95,81.597,202012,2020,737768,737768
2028,2020-12-10 00:00:00,82.13,146.0,63.870000000000005,77.767,202012,2020,737769,737769
2029,2020-12-11 00:00:00,82.22,148.0,65.78,80.005,202012,2020,737770,737770
2030,2020-12-14 00:00:00,82.46,151.0,68.54,83.119,202012,2020,737773,737773
2031,2020-12-15 00:00:00,82.54,151.0,68.46,82.942,202012,2020,737774,737774
2032,2020-12-16 00:00:00,82.63,150.0,67.37,81.532,202012,2020,737775,737775
2033,2020-12-17 00:00:00,82.72,149.0,66.28,80.126,202012,2020,737776,737776
2034,2020-12-18 00:00:00,82.84,150.0,67.16,81.072,202012,2020,737777,737777
2035,2020-12-21 00:00:00,83.15,150.0,66.85,80.397,202012,2020,737780,737780
2036,2020-12-22 00:00:00,83.25,151.0,67.75,81.381,202012,2020,737781,737781
2037,2020-12-23 00:00:00,83.36,159.0,75.64,90.739,202012,2020,737782,737782
2038,2020-12-28 00:00:00,83.91,164.0,80.09,95.448,202012,2020,737787,737787
2039,2020-12-29 00:00:00,84.03,165.0,80.97,96.358,202012,2020,737788,737788
2040,2020-12-30 00:00:00,84.15,166.0,81.85,97.267,202012,2020,737789,737789
2041,2021-01-04 00:00:00,84.7,165.0,80.3,94.805,202101,2021,737794,737794
2042,2021-01-05 00:00:00,84.8,160.0,75.2,88.679,202101,2021,737795,737795
2043,2021-01-06 00:00:00,84.9,160.0,75.1,88.457,202101,2021,737796,737796
2044,2021-01-07 00:00:00,85.0,162.0,77.0,90.588,202101,2021,737797,737797
2045,2021-01-08 00:00:00,85.11,161.0,75.89,89.167,202101,2021,737798,737798
2046,2021-01-11 00:00:00,85.38,159.0,73.62,86.226,202101,2021,737801,737801
2047,2021-01-12 00:00:00,85.47,159.0,73.53,86.03,202101,2021,737802,737802
2048,2021-01-13 00:00:00,85.56,160.0,74.44,87.003,202101,2021,737803,737803
2049,2021-01-14 00:00:00,85.65,159.0,73.35,85.639,202101,2021,737804,737804
2050,2021-01-15 00:00:00,85.74,159.0,73.26,85.444,202101,2021,737805,737805
2051,2021-01-19 00:00:00,86.2,157.0,70.8,82.135,202101,2021,737809,737809
2052,2021-01-20 00:00:00,86.32,156.0,69.68,80.723,202101,2021,737810,737810
2053,2021-01-21 00:00:00,86.43,156.0,69.57,80.493,202101,2021,737811,737811
2054,2021-01-22 00:00:00,86.55,156.0,69.45,80.243,202101,2021,737812,737812
2055,2021-01-25 00:00:00,86.91,156.0,69.09,79.496,202101,2021,737815,737815
2056,2021-01-26 00:00:00,87.02,156.0,68.98,79.269,202101,2021,737816,737816
2057,2021-01-27 00:00:00,87.12,154.0,66.88,76.768,202101,2021,737817,737817
2058,2021-01-28 00:00:00,87.22,154.0,66.78,76.565,202101,2021,737818,737818
2059,2021-01-29 00:00:00,87.3,153.0,65.7,75.258,202101,2021,737819,737819
2060,2021-02-01 00:00:00,87.61,153.0,65.39,74.638,202102,2021,737822,737822
2061,2021-02-02 00:00:00,87.7,153.0,65.3,74.458,202102,2021,737823,737823
2062,2021-02-03 00:00:00,87.81,153.0,65.19,74.24,202102,2021,737824,737824
2063,2021-02-04 00:00:00,87.91,150.0,62.09,70.629,202102,2021,737825,737825
2064,2021-02-05 00:00:00,88.01,151.0,62.989999999999995,71.571,202102,2021,737826,737826
2065,2021-02-08 00:00:00,88.17,151.0,62.83,71.26,202102,2021,737829,737829
2066,2021-02-09 00:00:00,88.28,152.0,63.72,72.179,202102,2021,737830,737830
2067,2021-02-10 00:00:00,88.36,151.0,62.64,70.892,202102,2021,737831,737831
2068,2021-02-11 00:00:00,88.45,149.0,60.55,68.457,202102,2021,737832,737832
2069,2021-02-12 00:00:00,88.54,150.0,61.459999999999994,69.415,202102,2021,737833,737833
2070,2021-02-17 00:00:00,88.95,149.0,60.05,67.51,202102,2021,737838,737838
2071,2021-02-18 00:00:00,89.05,148.0,58.95,66.199,202102,2021,737839,737839
2072,2021-02-19 00:00:00,89.16,147.0,57.84,64.872,202102,2021,737840,737840
2073,2021-02-22 00:00:00,89.44,147.0,57.56,64.356,202102,2021,737843,737843
2074,2021-02-23 00:00:00,89.54,146.0,56.459999999999994,63.056,202102,2021,737844,737844
2075,2021-02-24 00:00:00,89.64,145.0,55.36,61.758,202102,2021,737845,737845
2076,2021-02-25 00:00:00,89.75,143.0,53.25,59.331,202102,2021,737846,737846
2077,2021-02-26 00:00:00,89.83,146.0,56.17,62.529,202102,2021,737847,737847
2078,2021-03-01 00:00:00,90.09,146.0,55.91,62.06,202103,2021,737850,737850
2079,2021-03-02 00:00:00,90.16,145.0,54.84,60.825,202103,2021,737851,737851
2080,2021-03-03 00:00:00,90.22,145.0,54.78,60.718,202103,2021,737852,737852
2081,2021-03-04 00:00:00,90.3,144.0,53.7,59.468,202103,2021,737853,737853
2082,2021-03-05 00:00:00,90.37,144.0,53.629999999999995,59.345,202103,2021,737854,737854
2083,2021-03-08 00:00:00,90.58,144.0,53.42,58.975,202103,2021,737857,737857
2084,2021-03-09 00:00:00,90.65,144.0,53.349999999999994,58.853,202103,2021,737858,737858
2085,2021-03-10 00:00:00,90.72,143.0,52.28,57.628,202103,2021,737859,737859
2086,2021-03-11 00:00:00,90.79,140.0,49.209999999999994,54.202,202103,2021,737860,737860
2087,2021-03-12 00:00:00,90.86,142.0,51.14,56.284,202103,2021,737861,737861
2088,2021-03-15 00:00:00,91.07,146.0,54.93000000000001,60.316,202103,2021,737864,737864
2089,2021-03-16 00:00:00,91.14,144.0,52.86,57.999,202103,2021,737865,737865
2090,2021-03-17 00:00:00,91.21,144.0,52.790000000000006,57.877,202103,2021,737866,737866
2091,2021-03-18 00:00:00,91.28,144.0,52.72,57.756,202103,2021,737867,737867
2092,2021-03-19 00:00:00,91.36,144.0,52.64,57.618,202103,2021,737868,737868
2093,2021-03-22 00:00:00,91.57,144.0,52.43000000000001,57.257,202103,2021,737871,737871
2094,2021-03-23 00:00:00,91.64,143.0,51.36,56.045,202103,2021,737872,737872
2095,2021-03-25 00:00:00,91.78,143.0,51.22,55.807,202103,2021,737874,737874
2096,2021-03-26 00:00:00,91.85,142.0,50.150000000000006,54.6,202103,2021,737875,737875
2097,2021-03-29 00:00:00,91.92,142.0,50.08,54.482,202103,2021,737878,737878
2098,2021-03-30 00:00:00,91.96,141.0,49.040000000000006,53.328,202103,2021,737879,737879
2099,2021-03-31 00:00:00,91.99,141.0,49.010000000000005,53.278,202103,2021,737880,737880
2100,2021-04-05 00:00:00,92.24,140.0,47.760000000000005,51.778,202104,2021,737885,737885
2101,2021-04-06 00:00:00,92.29,140.0,47.709999999999994,51.696,202104,2021,737886,737886
2102,2021-04-07 00:00:00,92.34,139.0,46.66,50.531,202104,2021,737887,737887
2103,2021-04-08 00:00:00,92.39,140.0,47.61,51.532,202104,2021,737888,737888
2104,2021-04-09 00:00:00,92.44,140.0,47.56,51.45,202104,2021,737889,737889
2105,2021-04-12 00:00:00,92.58,142.0,49.42,53.381,202104,2021,737892,737892
2106,2021-04-13 00:00:00,92.63,142.0,49.370000000000005,53.298,202104,2021,737893,737893
2107,2021-04-14 00:00:00,92.68,143.0,50.31999999999999,54.294,202104,2021,737894,737894
2108,2021-04-15 00:00:00,92.73,143.0,50.269999999999996,54.211,202104,2021,737895,737895
2109,2021-04-16 00:00:00,92.78,142.0,49.22,53.05,202104,2021,737896,737896
2110,2021-04-19 00:00:00,92.93,143.0,50.06999999999999,53.879,202104,2021,737899,737899
2111,2021-04-20 00:00:00,92.98,143.0,50.019999999999996,53.797,202104,2021,737900,737900
2112,2021-04-21 00:00:00,93.03,144.0,50.97,54.789,202104,2021,737901,737901
2113,2021-04-22 00:00:00,93.08,147.0,53.92,57.929,202104,2021,737902,737902
2114,2021-04-23 00:00:00,93.13,152.0,58.870000000000005,63.213,202104,2021,737903,737903
2115,2021-04-26 00:00:00,93.28,158.0,64.72,69.383,202104,2021,737906,737906
2116,2021-04-27 00:00:00,93.34,161.0,67.66,72.488,202104,2021,737907,737907
2117,2021-04-28 00:00:00,93.42,162.0,68.58,73.41,202104,2021,737908,737908
2118,2021-04-29 00:00:00,93.5,154.0,60.5,64.706,202104,2021,737909,737909
2119,2021-04-30 00:00:00,93.56,150.0,56.44,60.325,202104,2021,737910,737910
2120,2021-05-03 00:00:00,93.68,153.0,59.31999999999999,63.322,202105,2021,737913,737913
2121,2021-05-04 00:00:00,93.72,154.0,60.28,64.319,202105,2021,737914,737914
2122,2021-05-05 00:00:00,93.76,151.0,57.239999999999995,61.049,202105,2021,737915,737915
2123,2021-05-06 00:00:00,93.8,151.0,57.2,60.981,202105,2021,737916,737916
2124,2021-05-07 00:00:00,93.84,151.0,57.16,60.912,202105,2021,737917,737917
2125,2021-05-10 00:00:00,93.93,152.0,58.06999999999999,61.823,202105,2021,737920,737920
2126,2021-05-11 00:00:00,93.96,151.0,57.040000000000006,60.707,202105,2021,737921,737921
2127,2021-05-12 00:00:00,93.99,152.0,58.010000000000005,61.719,202105,2021,737922,737922
2128,2021-05-13 00:00:00,94.02,151.0,56.980000000000004,60.604,202105,2021,737923,737923
2129,2021-05-14 00:00:00,94.05,153.0,58.95,62.679,202105,2021,737924,737924
2130,2021-05-17 00:00:00,94.14,153.0,58.86,62.524,202105,2021,737927,737927
2131,2021-05-18 00:00:00,94.17,156.0,61.83,65.658,202105,2021,737928,737928
2132,2021-05-19 00:00:00,94.21,156.0,61.790000000000006,65.588,202105,2021,737929,737929
2133,2021-05-20 00:00:00,94.25,155.0,60.75,64.456,202105,2021,737930,737930
2134,2021-05-21 00:00:00,94.28,153.0,58.72,62.283,202105,2021,737931,737931
2135,2021-05-26 00:00:00,94.49,155.0,60.510000000000005,64.039,202105,2021,737936,737936
2136,2021-05-27 00:00:00,94.53,157.0,62.47,66.085,202105,2021,737937,737937
2137,2021-05-28 00:00:00,94.57,157.0,62.43000000000001,66.015,202105,2021,737938,737938
2138,2021-05-31 00:00:00,94.69,157.0,62.31,65.804,202105,2021,737941,737941
2139,2021-06-01 00:00:00,94.74,155.0,60.260000000000005,63.606,202106,2021,737942,737942
2140,2021-06-02 00:00:00,94.78,156.0,61.22,64.592,202106,2021,737943,737943
2141,2021-06-03 00:00:00,94.82,156.0,61.18000000000001,64.522,202106,2021,737944,737944
2142,2021-06-04 00:00:00,94.86,157.0,62.14,65.507,202106,2021,737945,737945
2143,2021-06-07 00:00:00,94.98,157.0,62.019999999999996,65.298,202106,2021,737948,737948
2144,2021-06-08 00:00:00,95.02,156.0,60.980000000000004,64.176,202106,2021,737949,737949
2145,2021-06-09 00:00:00,95.06,156.0,60.94,64.107,202106,2021,737950,737950
2146,2021-06-10 00:00:00,95.1,157.0,61.900000000000006,65.089,202106,2021,737951,737951
2147,2021-06-11 00:00:00,95.14,158.0,62.86,66.071,202106,2021,737952,737952
2148,2021-06-14 00:00:00,95.26,158.0,62.739999999999995,65.862,202106,2021,737955,737955
2149,2021-06-15 00:00:00,95.29,160.0,64.71,67.908,202106,2021,737956,737956
2150,2021-06-16 00:00:00,95.32,163.0,67.68,71.003,202106,2021,737957,737957
2151,2021-06-17 00:00:00,95.35,163.0,67.65,70.949,202106,2021,737958,737958
2152,2021-06-18 00:00:00,95.38,164.0,68.62,71.944,202106,2021,737959,737959
2153,2021-06-22 00:00:00,95.5,165.0,69.5,72.775,202106,2021,737963,737963
2154,2021-06-23 00:00:00,95.53,166.0,70.47,73.767,202106,2021,737964,737964
2155,2021-06-24 00:00:00,95.56,170.0,74.44,77.899,202106,2021,737965,737965
2156,2021-06-25 00:00:00,95.59,174.0,78.41,82.027,202106,2021,737966,737966
2157,2021-06-28 00:00:00,95.68,173.0,77.32,80.811,202106,2021,737969,737969
2158,2021-06-29 00:00:00,95.71,170.0,74.29,77.62,202106,2021,737970,737970
2159,2021-06-30 00:00:00,95.73,168.0,72.27,75.494,202106,2021,737971,737971
2160,2021-07-01 00:00:00,95.77,169.0,73.23,76.464,202107,2021,737972,737972
2161,2021-07-02 00:00:00,95.8,170.0,74.2,77.453,202107,2021,737973,737973
2162,2021-07-05 00:00:00,95.89,171.0,75.11,78.329,202107,2021,737976,737976
2163,2021-07-06 00:00:00,95.92,171.0,75.08,78.274,202107,2021,737977,737977
2164,2021-07-07 00:00:00,95.95,172.0,76.05,79.26,202107,2021,737978,737978
2165,2021-07-08 00:00:00,95.98,174.0,78.02,81.288,202107,2021,737979,737979
2166,2021-07-12 00:00:00,96.1,177.0,80.9,84.183,202107,2021,737983,737983
2167,2021-07-13 00:00:00,96.13,176.0,79.87,83.085,202107,2021,737984,737984
2168,2021-07-14 00:00:00,96.16,177.0,80.84,84.068,202107,2021,737985,737985
2169,2021-07-15 00:00:00,96.19,178.0,81.81,85.05,202107,2021,737986,737986
2170,2021-07-16 00:00:00,96.22,179.0,82.78,86.032,202107,2021,737987,737987
2171,2021-07-19 00:00:00,96.31,180.0,83.69,86.896,202107,2021,737990,737990
2172,2021-07-20 00:00:00,96.34,182.0,85.66,88.914,202107,2021,737991,737991
2173,2021-07-21 00:00:00,96.37,182.5,86.13,89.374,202107,2021,737992,737992
2174,2021-07-22 00:00:00,96.4,184.5,88.1,91.39,202107,2021,737993,737993
2175,2021-07-23 00:00:00,96.43,184.5,88.07,91.33,202107,2021,737994,737994
2176,2021-07-26 00:00:00,96.53,185.0,88.47,91.65,202107,2021,737997,737997
2177,2021-07-27 00:00:00,96.58,183.0,86.42,89.48,202107,2021,737998,737998
2178,2021-07-28 00:00:00,96.64,180.0,83.36,86.258,202107,2021,737999,737999
2179,2021-07-29 00:00:00,96.67,180.0,83.33,86.2,202107,2021,738000,738000
2180,2021-07-30 00:00:00,96.69,180.5,83.81,86.679,202107,2021,738001,738001
2181,2021-08-02 00:00:00,96.78,180.5,83.72,86.505,202108,2021,738004,738004
2182,2021-08-03 00:00:00,96.81,180.5,83.69,86.448,202108,2021,738005,738005
2183,2021-08-04 00:00:00,96.84,180.5,83.66,86.39,202108,2021,738006,738006
2184,2021-08-05 00:00:00,96.88,180.5,83.62,86.313,202108,2021,738007,738007
2185,2021-08-06 00:00:00,96.91,178.5,81.59,84.192,202108,2021,738008,738008
2186,2021-08-09 00:00:00,97.0,179.0,82.0,84.536,202108,2021,738011,738011
2187,2021-08-10 00:00:00,97.03,178.0,80.97,83.448,202108,2021,738012,738012
2188,2021-08-11 00:00:00,97.05,178.0,80.95,83.411,202108,2021,738013,738013
2189,2021-08-12 00:00:00,97.08,178.5,81.42,83.869,202108,2021,738014,738014
2190,2021-08-13 00:00:00,97.11,182.0,84.89,87.416,202108,2021,738015,738015
2191,2021-08-17 00:00:00,97.23,183.0,85.77,88.214,202108,2021,738019,738019
2192,2021-08-18 00:00:00,97.27,182.0,84.73,87.108,202108,2021,738020,738020
2193,2021-08-19 00:00:00,97.29,181.5,84.21,86.556,202108,2021,738021,738021
2194,2021-08-20 00:00:00,97.32,182.0,84.68,87.012,202108,2021,738022,738022
2195,2021-08-23 00:00:00,97.41,182.0,84.59,86.839,202108,2021,738025,738025
2196,2021-08-24 00:00:00,97.44,182.0,84.56,86.782,202108,2021,738026,738026
2197,2021-08-25 00:00:00,97.48,181.5,84.02,86.192,202108,2021,738027,738027
2198,2021-08-26 00:00:00,97.55,181.5,83.95,86.058,202108,2021,738028,738028
2199,2021-08-27 00:00:00,97.57,182.0,84.43,86.533,202108,2021,738029,738029
2200,2021-08-30 00:00:00,97.72,182.0,84.28,86.246,202108,2021,738032,738032
2201,2021-08-31 00:00:00,97.75,182.0,84.25,86.189,202108,2021,738033,738033
2202,2021-09-01 00:00:00,97.78,180.5,82.72,84.598,202109,2021,738034,738034
2203,2021-09-02 00:00:00,97.83,181.0,83.17,85.015,202109,2021,738035,738035
2204,2021-09-03 00:00:00,97.87,182.0,84.13,85.961,202109,2021,738036,738036
2205,2021-09-06 00:00:00,97.95,182.0,84.05,85.809,202109,2021,738039,738039
2206,2021-09-07 00:00:00,97.99,183.5,85.51,87.264,202109,2021,738040,738040
2207,2021-09-08 00:00:00,98.02,187.0,88.98,90.777,202109,2021,738041,738041
2208,2021-09-09 00:00:00,98.05,186.5,88.45,90.209,202109,2021,738042,738042
2209,2021-09-10 00:00:00,98.1,185.0,86.9,88.583,202109,2021,738043,738043
2210,2021-09-13 00:00:00,98.21,181.0,82.79,84.299,202109,2021,738046,738046
2211,2021-09-14 00:00:00,98.22,182.5,84.28,85.807,202109,2021,738047,738047
2212,2021-09-15 00:00:00,98.25,185.0,86.75,88.295,202109,2021,738048,738048
2213,2021-09-16 00:00:00,98.31,186.0,87.69,89.197,202109,2021,738049,738049
2214,2021-09-17 00:00:00,98.35,185.0,86.65,88.104,202109,2021,738050,738050
2215,2021-09-20 00:00:00,98.48,184.0,85.52,86.84,202109,2021,738053,738053
2216,2021-09-21 00:00:00,98.49,184.0,85.51,86.821,202109,2021,738054,738054
2217,2021-09-22 00:00:00,98.51,185.0,86.49,87.798,202109,2021,738055,738055
2218,2021-09-23 00:00:00,98.52,185.0,86.48,87.779,202109,2021,738056,738056
2219,2021-09-24 00:00:00,98.56,186.0,87.44,88.718,202109,2021,738057,738057
2220,2021-09-27 00:00:00,98.67,186.5,87.83,89.014,202109,2021,738060,738060
2221,2021-09-28 00:00:00,98.68,187.0,88.32,89.501,202109,2021,738061,738061
2222,2021-09-29 00:00:00,98.71,187.0,88.29,89.444,202109,2021,738062,738062
2223,2021-09-30 00:00:00,98.74,186.0,87.26,88.374,202109,2021,738063,738063
2224,2021-10-01 00:00:00,98.78,186.0,87.22,88.297,202110,2021,738064,738064
2225,2021-10-04 00:00:00,98.89,185.0,86.11,87.077,202110,2021,738067,738067
2226,2021-10-05 00:00:00,98.9,185.0,86.1,87.058,202110,2021,738068,738068
2227,2021-10-06 00:00:00,98.92,185.5,86.58,87.525,202110,2021,738069,738069
2228,2021-10-07 00:00:00,98.95,184.5,85.55,86.458,202110,2021,738070,738070
2229,2021-10-12 00:00:00,99.1,185.0,85.9,86.68,202110,2021,738075,738075
2230,2021-10-13 00:00:00,99.13,185.0,85.87,86.624,202110,2021,738076,738076
2231,2021-10-14 00:00:00,99.16,185.5,86.34,87.071,202110,2021,738077,738077
2232,2021-10-15 00:00:00,99.19,186.5,87.31,88.023,202110,2021,738078,738078
2233,2021-10-18 00:00:00,99.28,185.5,86.22,86.845,202110,2021,738081,738081
2234,2021-10-19 00:00:00,99.31,187.0,87.69,88.299,202110,2021,738082,738082
2235,2021-10-20 00:00:00,99.34,188.0,88.66,89.249,202110,2021,738083,738083
2236,2021-10-21 00:00:00,99.37,191.0,91.63,92.211,202110,2021,738084,738084
2237,2021-10-22 00:00:00,99.4,195.0,95.6,96.177,202110,2021,738085,738085
2238,2021-10-25 00:00:00,99.49,194.0,94.51,94.994,202110,2021,738088,738088
2239,2021-10-26 00:00:00,99.53,196.0,96.47,96.926,202110,2021,738089,738089
2240,2021-10-27 00:00:00,99.62,197.0,97.38,97.751,202110,2021,738090,738090
2241,2021-10-28 00:00:00,99.69,198.0,98.31,98.616,202110,2021,738091,738091
2242,2021-10-29 00:00:00,99.72,197.5,97.78,98.055,202110,2021,738092,738092
2243,2021-11-01 00:00:00,99.83,196.5,96.67,96.835,202111,2021,738095,738095
2244,2021-11-02 00:00:00,99.85,197.5,97.65,97.797,202111,2021,738096,738096
2245,2021-11-03 00:00:00,99.9,199.0,99.1,99.199,202111,2021,738097,738097
2246,2021-11-04 00:00:00,99.95,199.0,99.05,99.1,202111,2021,738098,738098
2247,2021-11-05 00:00:00,99.95,199.0,99.05,99.1,202111,2021,738099,738099
2248,2021-11-08 00:00:00,100.05,199.0,98.95,98.901,202111,2021,738102,738102
2249,2021-11-09 00:00:00,100.1,199.5,99.4,99.301,202111,2021,738103,738103
2250,2021-11-10 00:00:00,100.14,205.0,104.86,104.713,202111,2021,738104,738104
2251,2021-11-11 00:00:00,100.18,206.5,106.32,106.129,202111,2021,738105,738105
2252,2021-11-12 00:00:00,100.23,200.0,99.77,99.541,202111,2021,738106,738106
2253,2021-11-15 00:00:00,100.29,199.5,99.21,98.923,202111,2021,738109,738109
2254,2021-11-16 00:00:00,100.31,200.5,100.19,99.88,202111,2021,738110,738110
2255,2021-11-17 00:00:00,100.36,201.5,101.14,100.777,202111,2021,738111,738111
2256,2021-11-18 00:00:00,100.41,201.0,100.59,100.179,202111,2021,738112,738112
2257,2021-11-19 00:00:00,100.47,201.5,101.03,100.557,202111,2021,738113,738113
2258,2021-11-23 00:00:00,100.6,201.0,100.4,99.801,202111,2021,738117,738117
2259,2021-11-24 00:00:00,100.62,200.5,99.88,99.265,202111,2021,738118,738118
2260,2021-11-25 00:00:00,100.68,201.0,100.32,99.642,202111,2021,738119,738119
2261,2021-11-26 00:00:00,100.76,201.0,100.24,99.484,202111,2021,738120,738120
2262,2021-11-29 00:00:00,100.92,201.0,100.08,99.168,202111,2021,738123,738123
2263,2021-11-30 00:00:00,100.93,201.5,100.57,99.643,202111,2021,738124,738124
2264,2021-12-01 00:00:00,101.01,200.5,99.49,98.495,202112,2021,738125,738125
2265,2021-12-02 00:00:00,101.07,200.5,99.43,98.377,202112,2021,738126,738126
2266,2021-12-03 00:00:00,101.16,200.5,99.34,98.201,202112,2021,738127,738127
2267,2021-12-06 00:00:00,101.32,199.0,97.68,96.407,202112,2021,738130,738130
2268,2021-12-07 00:00:00,101.37,198.0,96.63,95.324,202112,2021,738131,738131
2269,2021-12-09 00:00:00,101.51,196.0,94.49,93.084,202112,2021,738133,738133
2270,2021-12-10 00:00:00,101.58,196.5,94.92,93.444,202112,2021,738134,738134
2271,2021-12-13 00:00:00,101.73,195.5,93.77,92.175,202112,2021,738137,738137
2272,2021-12-14 00:00:00,101.77,196.5,94.73,93.082,202112,2021,738138,738138
2273,2021-12-15 00:00:00,101.83,198.5,96.67,94.933,202112,2021,738139,738139
2274,2021-12-16 00:00:00,101.89,198.5,96.61,94.818,202112,2021,738140,738140
2275,2021-12-17 00:00:00,101.97,200.0,98.03,96.136,202112,2021,738141,738141
2276,2021-12-20 00:00:00,102.15,200.0,97.85,95.791,202112,2021,738144,738144
2277,2021-12-21 00:00:00,102.2,199.0,96.8,94.716,202112,2021,738145,738145
2278,2021-12-22 00:00:00,102.28,200.5,98.22,96.031,202112,2021,738146,738146
2279,2021-12-23 00:00:00,102.33,204.0,101.67,99.355,202112,2021,738147,738147
2280,2021-12-27 00:00:00,102.57,203.5,100.93,98.401,202112,2021,738151,738151
2281,2021-12-28 00:00:00,102.62,206.0,103.38,100.741,202112,2021,738152,738152
2282,2021-12-29 00:00:00,102.69,209.0,106.31,103.525,202112,2021,738153,738153
2283,2021-12-30 00:00:00,102.75,208.0,105.25,102.433,202112,2021,738154,738154
2284,2022-01-03 00:00:00,103.04,206.0,102.96,99.922,202201,2022,738158,738158
2285,2022-01-04 00:00:00,103.08,206.5,103.42,100.33,202201,2022,738159,738159
2286,2022-01-05 00:00:00,103.15,207.5,104.35,101.163,202201,2022,738160,738160
2287,2022-01-06 00:00:00,103.23,208.5,105.27,101.976,202201,2022,738161,738161
2288,2022-01-07 00:00:00,103.29,208.0,104.71,101.375,202201,2022,738162,738162
2289,2022-01-10 00:00:00,103.51,206.0,102.49,99.015,202201,2022,738165,738165
2290,2022-01-11 00:00:00,103.58,209.0,105.42,101.776,202201,2022,738166,738166
2291,2022-01-12 00:00:00,103.64,208.5,104.86,101.177,202201,2022,738167,738167
2292,2022-01-13 00:00:00,103.74,209.5,105.76,101.947,202201,2022,738168,738168
2293,2022-01-14 00:00:00,103.85,209.5,105.65,101.733,202201,2022,738169,738169
2294,2022-01-17 00:00:00,104.07,209.0,104.93,100.826,202201,2022,738172,738172
2295,2022-01-18 00:00:00,104.19,211.0,106.81,102.515,202201,2022,738173,738173
2296,2022-01-19 00:00:00,104.24,213.0,108.76,104.336,202201,2022,738174,738174
2297,2022-01-20 00:00:00,104.3,214.0,109.7,105.177,202201,2022,738175,738175
2298,2022-01-21 00:00:00,104.35,219.0,114.65,109.871,202201,2022,738176,738176
2299,2022-01-24 00:00:00,104.53,219.0,114.47,109.509,202201,2022,738179,738179
2300,2022-01-25 00:00:00,104.6,219.5,114.9,109.847,202201,2022,738180,738180
2301,2022-01-26 00:00:00,104.68,221.0,116.32,111.12,202201,2022,738181,738181
2302,2022-01-27 00:00:00,104.76,222.5,117.74,112.39,202201,2022,738182,738182
2303,2022-01-28 00:00:00,104.83,212.5,107.67,102.709,202201,2022,738183,738183
2304,2022-01-31 00:00:00,105.02,213.0,107.98,102.819,202201,2022,738186,738186
2305,2022-02-01 00:00:00,105.14,214.0,108.86,103.538,202202,2022,738187,738187
2306,2022-02-02 00:00:00,105.22,216.5,111.28,105.759,202202,2022,738188,738188
2307,2022-02-03 00:00:00,105.31,216.0,110.69,105.109,202202,2022,738189,738189
2308,2022-02-04 00:00:00,105.42,214.0,108.58,102.998,202202,2022,738190,738190
2309,2022-02-07 00:00:00,105.7,214.0,108.3,102.46,202202,2022,738193,738193
2310,2022-02-08 00:00:00,105.8,215.0,109.2,103.214,202202,2022,738194,738194
2311,2022-02-09 00:00:00,105.91,217.0,111.09,104.891,202202,2022,738195,738195
2312,2022-02-10 00:00:00,106.01,215.5,109.49,103.283,202202,2022,738196,738196
2313,2022-02-11 00:00:00,106.11,215.5,109.39,103.091,202202,2022,738197,738197
2314,2022-02-14 00:00:00,106.39,215.0,108.61,102.087,202202,2022,738200,738200
2315,2022-02-15 00:00:00,106.48,215.0,108.52,101.916,202202,2022,738201,738201
2316,2022-02-16 00:00:00,106.58,215.0,108.42,101.726,202202,2022,738202,738202
2317,2022-02-17 00:00:00,106.68,214.0,107.32,100.6,202202,2022,738203,738203
2318,2022-02-18 00:00:00,106.78,211.0,104.22,97.603,202202,2022,738204,738204
2319,2022-02-21 00:00:00,107.06,211.5,104.44,97.553,202202,2022,738207,738207
2320,2022-02-22 00:00:00,107.16,210.0,102.84,95.969,202202,2022,738208,738208
2321,2022-02-23 00:00:00,107.3,210.0,102.7,95.713,202202,2022,738209,738209
2322,2022-02-24 00:00:00,107.39,210.5,103.11,96.015,202202,2022,738210,738210
2323,2022-02-25 00:00:00,107.44,211.0,103.56,96.389,202202,2022,738211,738211
2324,2022-03-02 00:00:00,107.94,206.0,98.06,90.847,202203,2022,738216,738216
2325,2022-03-03 00:00:00,108.04,204.0,95.96,88.819,202203,2022,738217,738217
2326,2022-03-04 00:00:00,108.16,201.0,92.84,85.836,202203,2022,738218,738218
2327,2022-03-07 00:00:00,108.45,201.0,92.55,85.339,202203,2022,738221,738221
2328,2022-03-08 00:00:00,108.56,202.0,93.44,86.072,202203,2022,738222,738222
2329,2022-03-09 00:00:00,108.68,204.5,95.82,88.167,202203,2022,738223,738223
2330,2022-03-10 00:00:00,108.78,203.0,94.22,86.615,202203,2022,738224,738224
2331,2022-03-11 00:00:00,108.89,202.0,93.11,85.508,202203,2022,738225,738225
2332,2022-03-14 00:00:00,109.21,200.0,90.79,83.133,202203,2022,738228,738228
2333,2022-03-15 00:00:00,109.31,200.0,90.69,82.966,202203,2022,738229,738229
2334,2022-03-16 00:00:00,109.43,202.0,92.57,84.593,202203,2022,738230,738230
2335,2022-03-17 00:00:00,109.52,202.0,92.48,84.441,202203,2022,738231,738231
2336,2022-03-18 00:00:00,109.64,202.5,92.86,84.695,202203,2022,738232,738232
2337,2022-03-21 00:00:00,109.99,202.0,92.01,83.653,202203,2022,738235,738235
2338,2022-03-22 00:00:00,110.07,201.0,90.93,82.611,202203,2022,738236,738236
2339,2022-03-23 00:00:00,110.19,201.0,90.81,82.412,202203,2022,738237,738237
2340,2022-03-25 00:00:00,110.39,202.0,91.61,82.988,202203,2022,738239,738239
2341,2022-03-28 00:00:00,110.7,200.0,89.3,80.668,202203,2022,738242,738242
2342,2022-03-29 00:00:00,110.8,200.0,89.2,80.505,202203,2022,738243,738243
2343,2022-03-30 00:00:00,110.92,201.0,90.08,81.212,202203,2022,738244,738244
2344,2022-03-31 00:00:00,110.98,200.0,89.02,80.213,202203,2022,738245,738245
2345,2022-04-01 00:00:00,111.13,200.0,88.87,79.969,202204,2022,738246,738246
2346,2022-04-04 00:00:00,111.56,199.0,87.44,78.379,202204,2022,738249,738249
2347,2022-04-05 00:00:00,111.7,196.0,84.3,75.47,202204,2022,738250,738250
2348,2022-04-06 00:00:00,111.84,196.0,84.16,75.25,202204,2022,738251,738251
2349,2022-04-07 00:00:00,111.98,196.0,84.02,75.031,202204,2022,738252,738252
2350,2022-04-08 00:00:00,112.13,196.5,84.37,75.243,202204,2022,738253,738253
2351,2022-04-11 00:00:00,112.59,195.0,82.41,73.195,202204,2022,738256,738256
2352,2022-04-12 00:00:00,112.74,195.0,82.26,72.964,202204,2022,738257,738257
2353,2022-04-13 00:00:00,112.91,195.0,82.09,72.704,202204,2022,738258,738258
2354,2022-04-18 00:00:00,113.66,195.0,81.34,71.564,202204,2022,738263,738263
2355,2022-04-19 00:00:00,113.79,198.0,84.21,74.005,202204,2022,738264,738264
2356,2022-04-20 00:00:00,113.95,199.5,85.55,75.077,202204,2022,738265,738265
2357,2022-04-21 00:00:00,114.11,202.0,87.89,77.022,202204,2022,738266,738266
2358,2022-04-22 00:00:00,114.25,203.0,88.75,77.681,202204,2022,738267,738267
2359,2022-04-25 00:00:00,114.7,205.5,90.8,79.163,202204,2022,738270,738270
2360,2022-04-26 00:00:00,114.84,212.5,97.66,85.04,202204,2022,738271,738271
2361,2022-04-27 00:00:00,115.01,206.5,91.49,79.55,202204,2022,738272,738272
2362,2022-04-28 00:00:00,115.17,204.0,88.83,77.129,202204,2022,738273,738273
2363,2022-04-29 00:00:00,115.31,200.5,85.19,73.879,202204,2022,738274,738274
2364,2022-05-02 00:00:00,115.75,201.0,85.25,73.65,202205,2022,738277,738277
2365,2022-05-03 00:00:00,115.88,203.5,87.62,75.613,202205,2022,738278,738278
2366,2022-05-04 00:00:00,116.02,201.0,84.98,73.246,202205,2022,738279,738279
2367,2022-05-05 00:00:00,116.16,201.5,85.34,73.468,202205,2022,738280,738280
2368,2022-05-06 00:00:00,116.31,201.0,84.69,72.814,202205,2022,738281,738281
2369,2022-05-09 00:00:00,116.76,201.5,84.74,72.576,202205,2022,738284,738284
2370,2022-05-10 00:00:00,116.92,202.0,85.08,72.768,202205,2022,738285,738285
2371,2022-05-11 00:00:00,117.09,205.0,87.91,75.079,202205,2022,738286,738286
2372,2022-05-12 00:00:00,117.25,203.5,86.25,73.561,202205,2022,738287,738287
2373,2022-05-13 00:00:00,117.41,203.5,86.09,73.324,202205,2022,738288,738288
2374,2022-05-16 00:00:00,117.87,205.0,87.13,73.92,202205,2022,738291,738291
2375,2022-05-17 00:00:00,118.04,208.0,89.96,76.211,202205,2022,738292,738292
2376,2022-05-19 00:00:00,118.36,206.0,87.64,74.045,202205,2022,738294,738294
2377,2022-05-20 00:00:00,118.49,204.0,85.51,72.166,202205,2022,738295,738295
2378,2022-05-23 00:00:00,118.95,206.5,87.55,73.602,202205,2022,738298,738298
2379,2022-05-24 00:00:00,119.1,208.0,88.9,74.643,202205,2022,738299,738299
2380,2022-05-26 00:00:00,119.42,207.0,87.58,73.338,202205,2022,738301,738301
2381,2022-05-27 00:00:00,119.56,206.5,86.94,72.717,202205,2022,738302,738302
2382,2022-05-30 00:00:00,120.01,206.5,86.49,72.069,202205,2022,738305,738305
2383,2022-05-31 00:00:00,120.16,206.0,85.84,71.438,202205,2022,738306,738306
2384,2022-06-01 00:00:00,120.33,206.0,85.67,71.196,202206,2022,738307,738307
2385,2022-06-02 00:00:00,120.47,206.0,85.53,70.997,202206,2022,738308,738308
2386,2022-06-03 00:00:00,120.63,205.0,84.37,69.941,202206,2022,738309,738309
2387,2022-06-06 00:00:00,121.11,205.0,83.89,69.268,202206,2022,738312,738312
2388,2022-06-07 00:00:00,121.28,206.0,84.72,69.855,202206,2022,738313,738313
2389,2022-06-08 00:00:00,121.46,208.0,86.54,71.25,202206,2022,738314,738314
2390,2022-06-09 00:00:00,121.63,208.0,86.37,71.01,202206,2022,738315,738315
2391,2022-06-10 00:00:00,121.79,210.0,88.21,72.428,202206,2022,738316,738316
2392,2022-06-13 00:00:00,122.3,216.0,93.7,76.615,202206,2022,738319,738319
2393,2022-06-14 00:00:00,122.48,224.0,101.52,82.887,202206,2022,738320,738320
2394,2022-06-15 00:00:00,122.69,217.0,94.31,76.869,202206,2022,738321,738321
2395,2022-06-16 00:00:00,122.9,216.0,93.1,75.753,202206,2022,738322,738322
2396,2022-06-21 00:00:00,123.69,220.0,96.31,77.864,202206,2022,738327,738327
2397,2022-06-22 00:00:00,123.86,224.0,100.14,80.849,202206,2022,738328,738328
2398,2022-06-23 00:00:00,124.03,224.0,99.97,80.601,202206,2022,738329,738329
2399,2022-06-24 00:00:00,124.26,226.0,101.74,81.877,202206,2022,738330,738330
2400,2022-06-27 00:00:00,124.71,232.0,107.29,86.032,202206,2022,738333,738333
2401,2022-06-28 00:00:00,124.88,239.0,114.12,91.384,202206,2022,738334,738334
2402,2022-06-29 00:00:00,125.05,239.0,113.95,91.124,202206,2022,738335,738335
2403,2022-06-30 00:00:00,125.22,238.0,112.78,90.065,202206,2022,738336,738336
2404,2022-07-01 00:00:00,125.41,239.0,113.59,90.575,202207,2022,738337,738337
2405,2022-07-04 00:00:00,125.99,260.0,134.01,106.366,202207,2022,738340,738340
2406,2022-07-05 00:00:00,126.18,252.0,125.82,99.715,202207,2022,738341,738341
2407,2022-07-06 00:00:00,126.38,255.0,128.62,101.772,202207,2022,738342,738342
2408,2022-07-07 00:00:00,126.57,257.0,130.43,103.05,202207,2022,738343,738343
2409,2022-07-08 00:00:00,126.78,273.0,146.22,115.334,202207,2022,738344,738344
2410,2022-07-11 00:00:00,127.37,268.0,140.63,110.411,202207,2022,738347,738347
2411,2022-07-12 00:00:00,127.57,272.0,144.43,113.216,202207,2022,738348,738348
2412,2022-07-13 00:00:00,127.79,283.0,155.20999999999998,121.457,202207,2022,738349,738349
2413,2022-07-14 00:00:00,128.02,289.0,160.98,125.746,202207,2022,738350,738350
2414,2022-07-15 00:00:00,128.23,293.0,164.77,128.496,202207,2022,738351,738351
2415,2022-07-18 00:00:00,128.9,291.0,162.1,125.756,202207,2022,738354,738354
2416,2022-07-19 00:00:00,129.13,301.0,171.87,133.098,202207,2022,738355,738355
2417,2022-07-20 00:00:00,129.39,317.0,187.61,144.996,202207,2022,738356,738356
2418,2022-07-21 00:00:00,129.61,337.0,207.39,160.011,202207,2022,738357,738357
2419,2022-07-22 00:00:00,129.76,338.0,208.24,160.481,202207,2022,738358,738358
2420,2022-07-25 00:00:00,130.4,322.0,191.6,146.933,202207,2022,738361,738361
2421,2022-07-26 00:00:00,130.62,323.0,192.38,147.282,202207,2022,738362,738362
2422,2022-07-27 00:00:00,130.89,326.0,195.11,149.064,202207,2022,738363,738363
2423,2022-07-28 00:00:00,131.13,314.0,182.87,139.457,202207,2022,738364,738364
2424,2022-07-29 00:00:00,131.23,296.0,164.77,125.558,202207,2022,738365,738365
2425,2022-08-01 00:00:00,131.94,282.0,150.06,113.734,202208,2022,738368,738368
2426,2022-08-02 00:00:00,132.18,291.0,158.82,120.154,202208,2022,738369,738369
2427,2022-08-03 00:00:00,132.41,298.0,165.59,125.059,202208,2022,738370,738370
2428,2022-08-04 00:00:00,132.64,291.0,158.36,119.391,202208,2022,738371,738371
